"","Node Modulation
Score","Importance
Score","Phosphoproteomics
log2 FC","Proteomics
log2 FC","Transcriptomics
log2 FC","Evidence
Score","Phosphoproteomics
SD","Proteomics
SD","Transcriptomics
SD"
"4",162.146896660472,0.0619226110254721,1.37150521050692,0.0240385684240074,0.046882687423949,3,1.02642433495737,0.127323789633534,0.0648682940163097
"5",183.17429524846,0.0619226110254721,1.53400023293292,0.108935240048176,0.135543446826091,3,1.02642433495737,0.127323789633534,0.0648682940163097
"6",21.7294259004138,0.0619226110254721,0.162495022425999,0.132973808472183,0.088660759402142,3,1.02642433495737,0.127323789633534,0.0648682940163097
"19",743.239916498996,0.323807640918254,1.27813838225869,0,0.023848518895508,2,1.45349885688713,0,0.0509619095556908
"20",1034.50657559763,0.323807640918254,1.77876804561651,0,0.0405295972058894,2,1.45349885688713,0,0.0509619095556908
"21",1777.74649209663,0.323807640918254,3.0569064278752,0,0.0643781161013974,2,1.45349885688713,0,0.0509619095556908
"22",9.79918792762284,0.0632872030026024,0.143724665036999,0.00858720283941672,0.056087408992787,3,0.563035300725383,0.0339378214086109,0.0425886389492225
"23",51.324854797492,0.0632872030026024,0.774794245752929,0.00414451863316501,0.0352900646241947,3,0.563035300725383,0.0339378214086109,0.0425886389492225
"24",41.8016220562336,0.0632872030026024,0.631069580715931,0.0127317214725817,0.0207973443685923,3,0.563035300725383,0.0339378214086109,0.0425886389492225
"28",254.467176052194,0.268347402094274,0.797503823645091,0.348149400835813,0.040811734988095,3,0.538144288818173,0.226746686950434,0.0954472067271287
"29",231.245905509226,0.268347402094274,0.785126463652331,0.110882192101539,0.184736562584844,3,0.538144288818173,0.226746686950434,0.0954472067271287
"30",36.8759945892459,0.268347402094274,0.0123773599927599,0.237267208734274,0.14392482759675,3,0.538144288818173,0.226746686950434,0.0954472067271287
"58",388.342156904072,0.0617761987946601,2.35038420539233,0.163481719949573,0.134393436007629,3,1.43042410096258,0.131903454903726,0.0787594969387929
"59",485.016960303693,0.0617761987946601,2.95950326179702,0.0274168272195672,0.0278364418494093,3,1.43042410096258,0.131903454903726,0.0787594969387929
"60",103.529593947982,0.0617761987946601,0.609119056404689,0.19089854716914,0.10655699415822,3,1.43042410096258,0.131903454903726,0.0787594969387929
"79",128.426708079249,0.142889085877199,0.819130944324398,0.151348043743607,0.0346420777740839,3,0.562432609156348,0.147050568205679,0.0671550780135417
"80",165.440259391058,0.142889085877199,1.09670923058632,0.0229626525146722,0.0737127453148467,3,0.562432609156348,0.147050568205679,0.0671550780135417
"81",50.0244269385202,0.142889085877199,0.277578286261924,0.174310696258279,0.108354823088931,3,0.562432609156348,0.147050568205679,0.0671550780135417
"82",62.4368047954815,0.145247430680007,0.565197031579282,0,0.251236051991504,2,0.55628507618612,0,0.134294846214517
"83",48.6496575047305,0.145247430680007,0.444897947267064,0,0.177092053690973,2,0.55628507618612,0,0.134294846214517
"84",102.556203416112,0.145247430680007,1.01009497884635,0,0.0741439983005305,2,0.55628507618612,0,0.134294846214517
"94",88.2928498658922,0.0611418939532953,1.07915960565128,0.169826203778653,0.0512156028144775,3,0.674429133555105,0.284378828033073,0.0701517698160569
"95",117.005125129517,0.0611418939532953,1.35434687999859,0.40624114931457,0.0616109028319469,3,0.674429133555105,0.284378828033073,0.0701517698160569
"96",28.7122752636249,0.0611418939532953,0.275187274347316,0.236414945535917,0.0103953000174695,3,0.674429133555105,0.284378828033073,0.0701517698160569
"121",30.7055220094075,0.0662287135565933,0.692756535236056,0,0.116170017707087,2,0.52719195196898,0,0.0884902143458765
"122",24.7966788322962,0.0662287135565933,0.570697868662642,0,0.0267763618177135,2,0.52719195196898,0,0.0884902143458765
"123",5.90884317711125,0.0662287135565933,0.122058666573413,0,0.0893936558893733,2,0.52719195196898,0,0.0884902143458765
"130",21.716053357905,0.063130593406223,0.260962601960625,0.0377278331644932,0.0593990117171295,3,0.678140791753788,0.130757414532553,0.0644528542602464
"131",7.04855221883357,0.063130593406223,0.0763638051745934,0.0460146965914054,0.0385090674159789,3,0.678140791753788,0.130757414532553,0.0644528542602464
"132",28.1841999434876,0.063130593406223,0.337326407135218,0.0837425297558987,0.0208899443011505,3,0.678140791753788,0.130757414532553,0.0644528542602464
"133",23.3953418273943,0.0626795430996315,0.521848355569645,0.0267432506401999,0.0717660041840302,3,0.363032156395074,0.323075209617123,0.0480110267232252
"134",19.4591647914519,0.0626795430996315,0.169443395885898,0.32392252383111,0.0304391393338932,3,0.363032156395074,0.323075209617123,0.0480110267232252
"135",42.5152051219912,0.0626795430996315,0.691291751455543,0.35066577447131,0.041326864850137,3,0.363032156395074,0.323075209617123,0.0480110267232252
"139",2001.49694318542,0.0612547786637813,7.16009216132011,0,0.267475612720554,2,3.68400597803846,0,0.320852001653566
"140",2116.23662954659,0.0612547786637813,7.55266988297363,0,0.488203083382357,2,3.68400597803846,0,0.320852001653566
"141",114.739686361162,0.0612547786637813,0.39257772165352,0,0.220727470661803,2,3.68400597803846,0,0.320852001653566
"142",24.2313566491443,0.0615500681555733,0.406873420244191,0.0401568774648009,0.0145538003666381,3,0.516234470354738,0.0409533328471638,0.0603806536859967
"143",55.9270805744593,0.0615500681555733,0.941752508996116,0.00728968333943492,0.0686818550206887,3,0.516234470354738,0.0409533328471638,0.0603806536859967
"144",32.2029528155569,0.0615500681555733,0.534879088751925,0.032867194125366,0.0832356553873268,3,0.516234470354738,0.0409533328471638,0.0603806536859967
"145",154.742360157127,0.246266009135835,0.319661276436662,0,0.0310193055997861,2,1.58685128371173,0,0.0532972818829429
"146",1577.05344920152,0.246266009135835,3.26777332654693,0,0.0198176766729858,2,1.58685128371173,0,0.0532972818829429
"147",1422.67415543488,0.246266009135835,2.94811205011027,0,0.0112016289268002,2,1.58685128371173,0,0.0532972818829429
"151",20.3348663157981,0.0676134433626475,0.177700629797133,0.0292285774788192,0.164764610514037,3,0.802388905009311,0.104269660546841,0.101687412846004
"152",35.4618854074174,0.0676134433626475,0.340337936995817,0.0845030281954857,0.0127033401553405,3,0.802388905009311,0.104269660546841,0.101687412846004
"153",54.7099465510716,0.0676134433626475,0.51803856679295,0.0552744507166665,0.152061270358697,3,0.802388905009311,0.104269660546841,0.101687412846004
"166",23.9399664914081,0.0618657510826504,0.283488598873316,0.000626881797806789,0.0528477996422323,3,0.726781517033502,0.111030174711934,0.0536209209883242
"167",102.463686368634,0.0618657510826504,1.21208531436087,0.107181142498834,0.0267989532394628,3,0.726781517033502,0.111030174711934,0.0536209209883242
"168",126.058404839089,0.0618657510826504,1.49557391323418,0.106554260701027,0.0260488464027695,3,0.726781517033502,0.111030174711934,0.0536209209883242
"172",39.6763642610045,0.793681695059629,0.0298233845539801,0.0685312657111918,0.0818232596304078,3,0.442620717332891,0.129904007998512,0.0597468671496579
"173",547.719263994668,0.793681695059629,0.808825613736273,0.111373659666468,0.00233675175952897,3,0.442620717332891,0.129904007998512,0.0597468671496579
"174",522.415153277221,0.793681695059629,0.779002229182293,0.0428423939552758,0.0841600113899368,3,0.442620717332891,0.129904007998512,0.0597468671496579
"178",8.67473910844934,0.694879958502537,0,0.0256376823286875,0.0916208536820129,2,0,0.178816557910511,0.0603166137453732
"179",24.456487938162,0.694879958502537,0,0.15539811878522,0.0118890449305891,2,0,0.178816557910511,0.0603166137453732
"180",31.9007060219703,0.694879958502537,0,0.181035801113907,0.0797318087514238,2,0,0.178816557910511,0.0603166137453732
"184",451.584754992464,0.439499884701445,0.590772446160702,0.126457170893693,0.142922372399427,3,0.845641176827383,0.276015929546539,0.142023102135043
"185",1332.34452780998,0.439499884701445,1.83932891050153,0.244683200562236,0.0976759976403523,3,0.845641176827383,0.276015929546539,0.142023102135043
"186",970.627526256503,0.439499884701445,1.24855646434083,0.37114037145593,0.24059837003978,3,0.845641176827383,0.276015929546539,0.142023102135043
"187",201.975860765147,0.859837249799332,0.421365604682531,0.00763858042310872,0.0391770903095803,3,0.288752375449203,0.0658793183087213,0.118891079747423
"188",202.187339459572,0.859837249799332,0.410943380034118,0.00840734707093205,0.0651806810913134,3,0.288752375449203,0.0658793183087213,0.118891079747423
"189",26.2340408757454,0.859837249799332,0.0104222246484138,0.0160459274940408,0.104357771400894,3,0.288752375449203,0.0658793183087213,0.118891079747423
"196",53.310018498068,0.330796692780758,0.375687409367088,0,0,1,0.694841409690477,0,0
"197",113.614682514593,0.330796692780758,0.800667622006517,0,0,1,0.694841409690477,0,0
"198",60.3046640165248,0.330796692780758,0.424980212639429,0,0,1,0.694841409690477,0,0
"217",32.7950451391311,0.11378416497392,0.388077932594035,0.0860213971616304,0.0762588201188334,3,0.33873321981069,0.152390075719533,0.145004625137015
"218",23.6153656807924,0.11378416497392,0.260294944786033,0.0791349321700139,0.0815941613448734,3,0.33873321981069,0.152390075719533,0.145004625137015
"219",51.7498266619993,0.11378416497392,0.648372877380067,0.165156329331644,0.00533534122603996,3,0.33873321981069,0.152390075719533,0.145004625137015
"256",1822.02241933308,0.0651260584906439,6.5987990640991,0,0.240865737575991,2,3.42902569278767,0,0.129429732930817
"257",1952.7787294681,0.0651260584906439,7.08114093235299,0,0.0254565783930145,2,3.42902569278767,0,0.129429732930817
"258",135.240131973248,0.0651260584906439,0.482341868253891,0,0.215409159182976,2,3.42902569278767,0,0.129429732930817
"283",10.2229495493815,0.282240414817985,0,0.0781150784219937,0.0586593377217071,2,0,0.29598740220926,0.105938772222946
"284",56.0132960991221,0.282240414817985,0,0.492604972769721,0.140918226304996,2,0,0.29598740220926,0.105938772222946
"285",50.1215304577614,0.282240414817985,0,0.414489894347727,0.199577564026703,2,0,0.29598740220926,0.105938772222946
"295",133.228727906971,0.0623225695403977,0.975656336369007,0.064307165732961,0.121027902608745,3,1.17175348237804,0.0629455318401434,0.0575317497406692
"296",25.2369821383654,0.0623225695403977,0.181549997080803,0.0123099187198292,0.0892768254957996,3,1.17175348237804,0.0629455318401434,0.0575317497406692
"297",108.170621752257,0.0623225695403977,0.794106339288204,0.0766170844527903,0.0317510771129452,3,1.17175348237804,0.0629455318401434,0.0575317497406692
"361",37.3869415313422,0.103588226137072,0,0,1.12882054016109,1,0,0,0.517904039351986
"362",14.9732936823993,0.103588226137072,0,0,0.452087300278016,1,0,0,0.517904039351986
"363",22.4136478489429,0.103588226137072,0,0,0.67673323988307,1,0,0,0.517904039351986
"376",77.8839250030055,0.061732450259509,0.736394411743203,0.187157487654507,0.0468888482471757,3,0.868436527785059,0.208997549220633,0.0549718848250015
"377",138.215749198128,0.061732450259509,1.34863840607739,0.17191415053257,0.0319305068971492,3,0.868436527785059,0.208997549220633,0.0549718848250015
"378",69.4641971736704,0.061732450259509,0.612243994334184,0.359071638187077,0.0149583413500265,3,0.868436527785059,0.208997549220633,0.0549718848250015
"385",245.69342833443,0.762138807486073,0.433441037800591,0.00132744636380089,0.0568174832683379,3,0.39238744777476,0.167722533635108,0.0662136606080643
"386",213.530977345014,0.762138807486073,0.299344214816813,0.148731681346597,0.133982881392432,3,0.39238744777476,0.167722533635108,0.0662136606080643
"387",448.603776181697,0.762138807486073,0.732785252617404,0.150059127710398,0.0771653981240945,3,0.39238744777476,0.167722533635108,0.0662136606080643
"388",44.0190800987421,0.0613521552925024,0.702644911210282,0.01744506856061,0.0712994973361196,3,0.544154716296762,0.0941839335809935,0.0477547087405735
"389",58.0804174201072,0.0613521552925024,0.92389540912831,0.0858943553104439,0.00653625253011292,3,0.544154716296762,0.0941839335809935,0.0477547087405735
"390",14.8351201433513,0.0613521552925024,0.221250497918028,0.0684492867498339,0.0778357498662325,3,0.544154716296762,0.0941839335809935,0.0477547087405735
"394",55.4506043994492,0.144472028535539,0.470200103508036,0,0.0514644021050605,2,0.653999844846323,0,0.0649714764812424
"395",17.2387466749305,0.144472028535539,0.140130676343116,0,0.0768719413052237,2,0.653999844846323,0,0.0649714764812424
"396",38.8007887631369,0.144472028535539,0.33006942716492,0,0.0254075392001631,2,0.653999844846323,0,0.0649714764812424
"400",17.2698331442922,0.0894237293292197,0.225679209168767,0.00736155673633476,0.0944164994152237,3,0.405216580477107,0.105324228473333,0.127629693089302
"401",63.8183165030729,0.0894237293292197,0.883126693427633,0.0759033386663006,0.152634961417543,3,0.405216580477107,0.105324228473333,0.127629693089302
"402",50.5400095978869,0.0894237293292197,0.657447484258865,0.0685417819299659,0.247051460832767,3,0.405216580477107,0.105324228473333,0.127629693089302
"403",24.7864794812857,0.0649833122187468,0.469374207311313,0.0355774623291989,0.0447239639253603,3,0.427597971230141,0.0572988427151805,0.0716716033009215
"404",39.3730737815615,0.0649833122187468,0.749333356235892,0.0154249869657654,0.081597041410606,3,0.427597971230141,0.0572988427151805,0.0716716033009215
"405",15.6361126506373,0.0649833122187468,0.279959148924579,0.0201524753634335,0.126321005335966,3,0.427597971230141,0.0572988427151805,0.0716716033009215
"412",91.9400586933888,0.0617991188129761,0.652344764093685,0.799739893460766,0.122159968001321,3,0.460054249376291,0.613806879146368,0.100509345155684
"413",54.407767348845,0.0617991188129761,0.198610615048402,0.624861296991327,0.0044126689475168,3,0.460054249376291,0.613806879146368,0.100509345155684
"414",58.549901176948,0.0617991188129761,0.850955379142087,0.17487859646944,0.126572636948838,3,0.460054249376291,0.613806879146368,0.100509345155684
"418",1215.67695127101,0.0618431430401595,7.4513480207855,0,0,1,4.27323168831419,0,0
"419",1450.13161628933,0.0618431430401595,8.88841014680646,0,0,1,4.27323168831419,0,0
"420",234.454665018321,0.0618431430401595,1.43706212602096,0,0,1,4.27323168831419,0,0
"427",49.2746066747791,0.063035091872076,0,0.637230527290784,0.341764592281196,2,0,0.877850021168036,0.215679817895509
"428",58.9132610492737,0.063035091872076,0,0.832218027531167,0.122330176297518,2,0,0.877850021168036,0.215679817895509
"429",21.1126398905415,0.063035091872076,0,0.194987500240383,0.464094768578714,2,0,0.877850021168036,0.215679817895509
"448",27.0304996541607,0.882405865090046,0,0.0454701666586672,0.21482739743998,2,0,0.0561379381319487,0.103604253861078
"449",5.72487307695642,0.882405865090046,0,0.00903829295976522,0.0458197196290602,2,0,0.0561379381319487,0.103604253861078
"450",22.4112483690475,0.882405865090046,0,0.0545084596184324,0.16900767781092,2,0,0.0561379381319487,0.103604253861078
"463",260.914083654998,0.288230029609927,0.697986887919372,0.0446349003168685,0.102477126096598,3,0.68514763117186,0.0839256285697026,0.0663243327473299
"464",277.002448030484,0.288230029609927,0.742697906529481,0.0337924993219332,0.108725524515695,3,0.68514763117186,0.0839256285697026,0.0663243327473299
"465",20.0877657321992,0.288230029609927,0.0447110186101085,0.0784273996388016,0.00624839841909619,3,0.68514763117186,0.0839256285697026,0.0663243327473299
"466",102.62174785035,0.0893837018265972,0.781087996217767,0.145336335853289,0.0798213071879132,3,0.762985123818138,0.129307350209959,0.0645500973248799
"467",91.0166985662847,0.0893837018265972,0.701058325052967,0.0877963926798229,0.0550269239623695,3,0.762985123818138,0.129307350209959,0.0645500973248799
"468",11.6050492840655,0.0893837018265972,0.0800296711647999,0.0575399431734658,0.0247943832255437,3,0.762985123818138,0.129307350209959,0.0645500973248799
"520",56.1548155657363,0.103423988845159,0.414231690170504,0.331625855795807,0.0192126197972478,3,0.282995235835683,0.52872040008134,0.0312309720522732
"521",15.0719733368048,0.103423988845159,0.040526836830022,0.125436157974443,0.0286732966352261,3,0.282995235835683,0.52872040008134,0.0312309720522732
"522",66.833095913373,0.103423988845159,0.373704853340482,0.457062013770249,0.0478859164324739,3,0.282995235835683,0.52872040008134,0.0312309720522732
"544",20.9714634743904,0.255564040729259,0.191746996308042,0,0.112094290979367,2,0.293712736629595,0,0.0904771574719382
"545",39.2435357720657,0.255564040729259,0.387086100923646,0,0.117977593546217,2,0.293712736629595,0,0.0904771574719382
"546",53.8144459137711,0.255564040729259,0.578833097231689,0,0.00588330256685055,2,0.293712736629595,0,0.0904771574719382
"556",60.044100604893,0.1021419431444,0.744652304675414,0.131459586703733,0.0967765096587616,3,0.371234414763601,0.251465400335195,0.0816714781274403
"557",32.2637406441076,0.1021419431444,0.31329700869933,0.212155150476498,0.0109534560904194,3,0.371234414763601,0.251465400335195,0.0816714781274403
"558",47.9650704453457,0.1021419431444,0.431355295976084,0.343614737180231,0.0858230535683422,3,0.371234414763601,0.251465400335195,0.0816714781274403
"559",13.7911415722581,0.760564005031839,0,0.0380700874326996,0.0571794208007192,2,0,0.236052416061996,0.099674229260345
"560",63.9835692694441,0.760564005031839,0,0.229961530035396,0.138968418544707,2,0,0.236052416061996,0.099674229260345
"561",50.192427697186,0.760564005031839,0,0.191891442602697,0.0817889977439874,2,0,0.236052416061996,0.099674229260345
"589",203.847428832692,0.408066285855347,0.337898175784545,0.0563987447006333,0.15086866988033,3,0.747453335777909,0.0650844240161086,0.0894099998669238
"590",4.47759908300072,0.408066285855347,0.00623736264814845,0.0148588451476321,0.00330351806752027,3,0.747453335777909,0.0650844240161086,0.0894099998669238
"591",199.369829749692,0.408066285855347,0.331660813136397,0.0415398995530012,0.14756515181281,3,0.747453335777909,0.0650844240161086,0.0894099998669238
"592",29.5652152147215,0.395325539480923,0.202315211390657,0.0118769230798996,0.00763583477176244,3,0.193961666065242,0.0684253238867335,0.0427229680539722
"593",3.34801195375714,0.395325539480923,0.00622980507777982,0.00845362740423461,0.0652095179070535,3,0.193961666065242,0.0684253238867335,0.0427229680539722
"594",32.9132271684786,0.395325539480923,0.208545016468437,0.0203305504841342,0.072845352678816,3,0.193961666065242,0.0684253238867335,0.0427229680539722
"598",2.15548959291064,0.235164062050912,0,0.0200147542968461,0.00831104671471294,2,0,0.347186882167074,0.0571114239804659
"599",23.6083188301812,0.235164062050912,0,0.229856977553893,0.0263314896646696,2,0,0.347186882167074,0.0571114239804659
"600",21.4528292372705,0.235164062050912,0,0.209842223257047,0.0180204429499566,2,0,0.347186882167074,0.0571114239804659
"619",200.851673468652,0.117575356427407,1.42673274615435,0,0.0102459419107506,2,0.969128116902695,0,0.0839212200930082
"620",222.998191079647,0.117575356427407,1.57238110283977,0,0.14611330297442,2,0.969128116902695,0,0.0839212200930082
"621",22.1465176109954,0.117575356427407,0.14564835668542,0,0.13586736106367,2,0.969128116902695,0,0.0839212200930082
"625",67.9870873789119,0.0625050365224914,0.887435085096219,0.156197588623537,0.200411273776955,3,0.588401450409075,0.297345790754625,0.0932094107005512
"626",7.12674913257228,0.0625050365224914,0.0823204926175602,0.0145162083577137,0.0945095738638457,3,0.588401450409075,0.297345790754625,0.0932094107005512
"627",72.0749256463216,0.0625050365224914,0.969755577713779,0.141681380265823,0.105901699913109,3,0.588401450409075,0.297345790754625,0.0932094107005512
"631",20.1463968769168,0.0621062828238617,0.555985187787503,0.000404807647552019,0.0931535430692536,3,0.306602389424754,0.279806722906724,0.0490413267869803
"632",8.77678098806146,0.0621062828238617,0.00661720164283253,0.2565686092984,0.0506673618596434,3,0.306602389424754,0.279806722906724,0.0490413267869803
"633",28.3515509997735,0.0621062828238617,0.562602389430335,0.256973416945952,0.0424861812096102,3,0.306602389424754,0.279806722906724,0.0490413267869803
"646",607.21491662854,0.374314245955413,0.467502046769139,0.100999659500629,0.00560721727127245,3,1.81682469117286,0.260266985567835,0.0416754713387826
"647",3952.4400199305,0.374314245955413,3.10545793850927,0.219547220960148,0.0495734112757669,3,1.81682469117286,0.260266985567835,0.0416754713387826
"648",4559.33093220041,0.374314245955413,3.57295998527841,0.320546880460777,0.0439661940044944,3,1.81682469117286,0.260266985567835,0.0416754713387826
"649",104.772326807748,0.273857467928177,0.17390497257643,0,0.00868248681145012,2,1.77852405659631,0,0.0644408204269616
"650",2137.16600397103,0.273857467928177,3.54956086756144,0,0.116004728410133,2,1.77852405659631,0,0.0644408204269616
"651",2032.39367716329,0.273857467928177,3.37565589498501,0,0.107322241598683,2,1.77852405659631,0,0.0644408204269616
"658",176.562747057923,0.573681257826969,0.280172094646171,0.110820062010838,0.0493598426659894,3,0.544143956759523,0.0991973757271444,0.0553149036882713
"659",691.666609354287,0.573681257826969,1.16844210213754,0.0997734873153959,0.0955417286937656,3,0.544143956759523,0.0991973757271444,0.0553149036882713
"660",517.43240962564,0.573681257826969,0.888270007491369,0.0110465746954418,0.0461818860277763,3,0.544143956759523,0.0991973757271444,0.0553149036882713
"661",52.8361959858165,0.106928643299962,0,0.19756313295328,0.819498150853921,2,0,0.264842487618709,0.424494357162918
"662",62.4155434248355,0.106928643299962,0,0.403670078667776,0.861832420001034,2,0,0.264842487618709,0.424494357162918
"663",9.57934743901897,0.106928643299962,0,0.206106945714496,0.0423342691471129,2,0,0.264842487618709,0.424494357162918
"667",52.1908158968262,0.0624669741759998,0.380533373387832,0.44682568857413,0.636514858598008,3,0.37962938249713,0.2333274792643,0.317975895155695
"668",62.1547180164132,0.0624669741759998,0.779270660796033,0.189953829725907,0.61980452003673,3,0.37962938249713,0.2333274792643,0.317975895155695
"669",25.0615483659924,0.0624669741759998,0.398737287408201,0.256871858848223,0.0167103385612775,3,0.37962938249713,0.2333274792643,0.317975895155695
"706",54.6459960461903,0.0624897552144311,0.94376451542575,0,0.0842733662458226,2,0.742645730308142,0,0.0873752117514153
"707",79.7829330649639,0.0624897552144311,1.37991918588809,0,0.10581187418817,2,0.742645730308142,0,0.0873752117514153
"708",26.2732101543114,0.0624897552144311,0.436154670462342,0,0.190085240433993,2,0.742645730308142,0,0.0873752117514153
"709",8.87564459684553,0.250843233561095,0.0704728354571742,0,0.0151530595423646,2,0.392695445634959,0,0.0648538556018797
"710",64.9167133404757,0.250843233561095,0.521811304845025,0,0.0722529040697859,2,0.392695445634959,0,0.0648538556018797
"711",73.7923579373213,0.250843233561095,0.592284140302199,0,0.0874059636121505,2,0.392695445634959,0,0.0648538556018797
"721",44.1238374186844,0.0654884723510492,0,0,1.53162146531949,1,0,0,0.712560313931506
"722",34.8911241074029,0.0654884723510492,0,0,1.21113660457364,1,0,0,0.712560313931506
"723",9.23271331128149,0.0654884723510492,0,0,0.320484860745854,1,0,0,0.712560313931506
"733",12.7110038612715,0.0625175408245587,0.203353392293273,0.0918625146678069,0.0297622619749003,3,0.414077074066964,0.245017178578416,0.103072089025212
"734",42.0178098671688,0.0625175408245587,0.757645771263801,0.136174174193864,0.153302261289964,3,0.414077074066964,0.245017178578416,0.103072089025212
"735",29.3068060058973,0.0625175408245587,0.554292378970528,0.0443116595260569,0.123539999315064,3,0.414077074066964,0.245017178578416,0.103072089025212
"739",102.915504311656,0.0752489344034829,0.0814214218546017,0.591451373538247,0.0633623109537087,3,0.246362718431565,1.1981486582214,0.153858393585379
"740",231.847205054689,0.0752489344034829,0.00041413765999998,1.36111776966211,0.21228111929578,3,0.246362718431565,1.1981486582214,0.153858393585379
"741",134.494405443446,0.0752489344034829,0.0810072841946017,0.769666396123867,0.148918808342072,3,0.246362718431565,1.1981486582214,0.153858393585379
"742",22.8733458708227,0.106819253820187,0.341792374442781,0,0.0450488339267343,2,0.496945132197503,0,0.0793403025460333
"743",71.9398389911149,0.106819253820187,1.08210974640289,0,0.0970550291193391,2,0.496945132197503,0,0.0793403025460333
"744",50.0092989915204,0.106819253820187,0.74031737196011,0,0.142103863046073,2,0.496945132197503,0,0.0793403025460333
"748",7.6042996303973,0.0612653573331348,0,0.0528306607183033,0.19441762026405,2,0,1.45416215786494,0.121911639141273
"749",180.301001853843,0.0612653573331348,0,1.62775788688932,0.135268179948507,2,0,1.45416215786494,0.121911639141273
"750",173.787655405565,0.0612653573331348,0,1.57492722617102,0.0591494403155437,2,0,1.45416215786494,0.121911639141273
"751",14.1021451841411,0.0991411931435017,0.0835415014898864,0.0646919394243808,0.0214768247771699,3,0.792151748181005,0.121824378127909,0.127753376982227
"752",79.0438497186992,0.0991411931435017,0.496160747274327,0.0574568784798624,0.238350471172073,3,0.792151748181005,0.121824378127909,0.127753376982227
"753",67.8358816621119,0.0991411931435017,0.412619245784441,0.122148817904243,0.216873646394903,3,0.792151748181005,0.121824378127909,0.127753376982227
"754",33.3002499526636,0.0886400852564424,0.415135035179935,0.0764844899584229,0.09441568871397,3,0.451914211740303,0.0656204098095058,0.10823375652602
"755",67.4727435879898,0.0886400852564424,0.870294077431826,0.0529159130444228,0.131467049955531,3,0.451914211740303,0.0656204098095058,0.10823375652602
"756",34.6802893776308,0.0886400852564424,0.455159042251891,0.0235685769140002,0.0370513612415611,3,0.451914211740303,0.0656204098095058,0.10823375652602
"757",12.2619049872982,0.0622787753265432,0.120448967990687,0,0.26178744049265,2,0.827683800134627,0,0.22830212578096
"758",63.9155321147806,0.0622787753265432,0.973689887840393,0,0.110747942935213,2,0.827683800134627,0,0.22830212578096
"759",72.2889468031983,0.0622787753265432,1.09413885583108,0,0.151039497557437,2,0.827683800134627,0,0.22830212578096
"760",15.8958108892136,0.0628520479128856,0.213997673176282,0.0522190066665198,0.0500708586883034,3,0.534629304746369,0.379864834798852,0.0461168523679931
"761",65.9672410117191,0.0628520479128856,0.731851817522804,0.45283001480782,0.074054741751123,3,0.534629304746369,0.379864834798852,0.0461168523679931
"762",76.7073583324405,0.0628520479128856,0.945849490699086,0.400611008141301,0.0239838830628196,3,0.534629304746369,0.379864834798852,0.0461168523679931
"772",39.2691660949586,0.0620636289577784,0.574934476506982,0,0.0266254153712371,2,0.888140468264443,0,0.0685317356519274
"773",69.6596238786081,0.0620636289577784,1.02152884495469,0,0.0258237167531838,2,0.888140468264443,0,0.0685317356519274
"774",30.6701115166634,0.0620636289577784,0.44659436844771,0,0.0524491321244209,2,0.888140468264443,0,0.0685317356519274
"775",792.038967735149,0.0624535145087117,4.54980475747362,0,0.0483301348763385,2,2.2568127090674,0,0.0665660944800733
"776",776.261320798368,0.0624535145087117,4.45706648362506,0,0.118728410508828,2,2.2568127090674,0,0.0665660944800733
"777",16.5003623447467,0.0624535145087117,0.0927382738485596,0,0.0703982756324892,2,2.2568127090674,0,0.0665660944800733
"787",33.8438788671982,0.0626314563835128,0.353563951264896,0.0311943075165075,0.12103825044736,3,0.782029753103997,0.17473000357016,0.081093645998303
"788",93.1619766044582,0.0626314563835128,0.97702254400911,0.156739210338651,0.144144132309943,3,0.782029753103997,0.17473000357016,0.081093645998303
"789",123.464212548468,0.0626314563835128,1.33058649527401,0.125544902822144,0.0231058818625831,3,0.782029753103997,0.17473000357016,0.081093645998303
"826",28.2211259272216,0.0623290546204222,0.377867034750976,0.0783312225073809,0.0167405876842857,3,0.593155620106069,0.251569745454694,0.0377045154208535
"827",88.4410078079781,0.0623290546204222,1.20923855781735,0.183979828399266,0.0686068974913496,3,0.593155620106069,0.251569745454694,0.0377045154208535
"828",64.7694528716005,0.0623290546204222,0.831371523066373,0.262311050906647,0.051866309807064,3,0.593155620106069,0.251569745454694,0.0377045154208535
"910",7.6415499325527,0.060412431949852,0.0862787688485653,0.0926714003838294,0.0219154900158962,3,0.722942538004308,0.0559278799970494,0.0337207832692469
"911",115.994072774459,0.060412431949852,1.43165842739563,0.0223413767165503,0.0131433011534057,3,0.722942538004308,0.0559278799970494,0.0337207832692469
"912",109.398096106512,0.060412431949852,1.34537965854707,0.070330023667279,0.0350587911693019,3,0.722942538004308,0.0559278799970494,0.0337207832692469
"913",56.2581393318784,0.0614854509322449,0.765163953822334,0.22593216759806,0.120215133870838,3,0.466275556075283,0.562551824137269,0.0844960744885046
"914",68.2960441981197,0.0614854509322449,0.869177668974967,0.336795478616253,0.0592184480960638,3,0.466275556075283,0.562551824137269,0.0844960744885046
"915",42.1584587863012,0.0614854509322449,0.104013715152632,0.562727646214313,0.0609966857747741,3,0.466275556075283,0.562551824137269,0.0844960744885046
"928",24.9180818486624,0.0747687300694382,0.496104090187201,0.0694414299243533,0.0126437326614699,3,0.352613629798582,0.0599685943925889,0.0669814295170523
"929",25.2192105020757,0.0747687300694382,0.489515069436445,0.0548023910809503,0.092902419416399,3,0.352613629798582,0.0599685943925889,0.0669814295170523
"930",1.18772858600476,0.0747687300694382,0.00658902075075574,0.014639038843403,0.0802586867549291,3,0.352613629798582,0.0599685943925889,0.0669814295170523
"934",205.196229028455,0.253799457516998,0.0711636061876675,0.325862921430495,0.861829937645264,3,0.336265611708349,0.175250276887781,0.412495063788702
"935",278.381458105053,0.253799457516998,0.694792889823601,0.240742115840488,0.767060063599404,3,0.336265611708349,0.175250276887781,0.412495063788702
"936",123.959984439385,0.253799457516998,0.623629283635934,0.085120805590007,0.09476987404586,3,0.336265611708349,0.175250276887781,0.412495063788702
"991",8.03297950043661,0.574262891559797,0,0.00590123680981947,0.125584942312905,2,0,0.191730025891982,0.0812023327628081
"992",28.8608264303766,0.574262891559797,0,0.210245392145122,0.00484261413105269,2,0,0.191730025891982,0.0812023327628081
"993",34.7316669470294,0.574262891559797,0,0.204344155335303,0.120742328181852,2,0,0.191730025891982,0.0812023327628081
"1006",0.632446543718531,0.33450755256508,0,0.000330078694326552,0.0286484939550276,2,0,0.352490940849691,0.0493890890170765
"1007",61.1305977176826,0.33450755256508,0,0.41052635469166,0.0668553438821746,2,0,0.352490940849691,0.0493890890170765
"1008",60.5942607613592,0.33450755256508,0,0.410856433385987,0.0382068499271471,2,0,0.352490940849691,0.0493890890170765
"1021",5.64045523634638,0.0844730539673554,0.0330493766206104,0.119654453918518,0.00362768139935099,3,0.323711967835533,0.210585649945725,0.0432344238326032
"1022",25.7627704433851,0.0844730539673554,0.417557651027535,0.138294382460247,0.00878987077594751,3,0.323711967835533,0.210585649945725,0.0432344238326032
"1023",31.3541503076666,0.0844730539673554,0.450607027648145,0.257948836378764,0.00516218937659652,3,0.323711967835533,0.210585649945725,0.0432344238326032
"1036",2.10979671084049,0.124718426510773,0.0190498448655161,0,0.061713533488613,2,0.563986219813525,0,0.04791347379046
"1037",24.4026389548285,0.124718426510773,0.276566297195943,0,0.0519300428514029,2,0.563986219813525,0,0.04791347379046
"1038",22.4372124073898,0.124718426510773,0.257516452330427,0,0.00978349063721007,2,0.563986219813525,0,0.04791347379046
"1042",13.1002670618364,0.0734626022971078,0.150892217468417,0.0124373891919927,0.183113605059336,3,0.492623119954478,0.354732307414842,0.0957861824578776
"1043",82.1856626207949,0.0734626022971078,0.945838190028454,0.385834905085289,0.0129507885518789,3,0.492623119954478,0.354732307414842,0.0957861824578776
"1044",73.5206693085512,0.0734626022971078,0.794945972560036,0.373397515893297,0.170162816507457,3,0.492623119954478,0.354732307414842,0.0957861824578776
"1045",12.1414991390324,0.133148690705916,0.11404866220999,0,0.0725329024005079,2,0.602419643152262,0,0.0709770941417942
"1046",118.155924088287,0.133148690705916,1.18696071725201,0,0.0515778736242103,2,0.602419643152262,0,0.0709770941417942
"1047",107.707146423098,0.133148690705916,1.07291205504202,0,0.124110776024718,2,0.602419643152262,0,0.0709770941417942
"1084",293.848626965392,0.0627656082559711,1.87253369079765,0.0743359563191497,0.276972777430563,3,1.32607798549342,0.117460531503212,0.129825019677641
"1085",278.077722670615,0.0627656082559711,1.79081223452819,0.0244687454318306,0.111813488632251,3,1.32607798549342,0.117460531503212,0.129825019677641
"1086",16.4391127975758,0.0627656082559711,0.081721456269463,0.0988047017509803,0.165159288798312,3,1.32607798549342,0.117460531503212,0.129825019677641
"1099",29.4072250943263,0.172227811117763,0,0.331329452652249,0.114551786170396,2,0,0.389959242312613,0.0792943922371483
"1100",40.1639939692949,0.172227811117763,0,0.482416153763833,0.00945419394761959,2,0,0.389959242312613,0.0792943922371483
"1101",14.6199311783469,0.172227811117763,0,0.151086701111583,0.124005980118016,2,0,0.389959242312613,0.0792943922371483
"1102",27.7471607921615,0.0618580841876631,0,0.251679152491057,0.0771541619448772,2,0,1.42456949884505,0.0616728985999166
"1103",140.051265974119,0.0618580841876631,0,1.28577614872458,0.0325855701230058,2,0,1.42456949884505,0.0616728985999166
"1104",167.79842676628,0.0618580841876631,0,1.53745530121563,0.109739732067883,2,0,1.42456949884505,0.0616728985999166
"1108",100.335231408518,0.193370197986383,0.559587453067833,0.0367529874013961,0.250057124225563,3,0.410427980290872,0.301981333577067,0.157530818798775
"1109",66.4643511444707,0.193370197986383,0.211752397716086,0.316048988167737,0.0205349900475298,3,0.410427980290872,0.301981333577067,0.157530818798775
"1110",156.532862613304,0.193370197986383,0.771339850783919,0.279296000766341,0.229522134178033,3,0.410427980290872,0.301981333577067,0.157530818798775
"1111",2835.87054750364,0.0629785374258306,7.43937938318449,0.0278022362803014,0.00678727603398332,3,3.26766035473496,0.0925130121752473,0.145755099457601
"1112",1836.94551771069,0.0629785374258306,4.8057023714909,0.109498351604969,0.241870526987319,3,3.26766035473496,0.0925130121752473,0.145755099457601
"1113",1008.91220839769,0.0629785374258306,2.63367701169358,0.081696115324668,0.248657803021302,3,3.26766035473496,0.0925130121752473,0.145755099457601
"1123",9.48396069598994,0.0616492806794138,0.153153219642732,0.0561433097987667,0.0571276537098804,3,0.503167372595915,0.0691152119489324,0.0371180388267724
"1124",52.0959070906514,0.0616492806794138,0.897224506548902,0.0688682485877994,0.00142764625746938,3,0.503167372595915,0.0691152119489324,0.0371180388267724
"1125",60.6816596239293,0.0616492806794138,1.05037772619163,0.0127249387890327,0.055700007452411,3,0.503167372595915,0.0691152119489324,0.0371180388267724
"1159",71.1167942759688,0.122981221687858,0.677934825209746,0.0367965469219529,0.000393656126105313,3,0.456581232827949,0.0730016592147761,0.0330596431200464
"1160",28.448730385845,0.122981221687858,0.26751487598705,0.0207771711144442,0.0375809613398523,3,0.456581232827949,0.0730016592147761,0.0330596431200464
"1161",99.5655246618137,0.122981221687858,0.945449701196797,0.0575737180363971,0.0379746174659576,3,0.456581232827949,0.0730016592147761,0.0330596431200464
"1162",13.4115677462842,0.0620882105794236,0.169896187623067,0,0.231008720906376,2,0.821705829508589,0,0.152988749712975
"1163",100.055139978945,0.0620882105794236,1.55229382186337,0,0.193704630774017,2,0.821705829508589,0,0.152988749712975
"1164",87.518597155433,0.0620882105794236,1.3823976342403,0,0.0373040901323591,2,0.821705829508589,0,0.152988749712975
"1186",3711.47412493968,0.259697187167455,4.71138130484985,0,0.0138077391016933,2,2.45631602543863,0,0.157025723018086
"1187",3993.16840480047,0.259697187167455,5.05796240058813,0,0.186994296240347,2,2.45631602543863,0,0.157025723018086
"1188",283.084731704411,0.259697187167455,0.346581095738287,0,0.20080203534204,2,2.45631602543863,0,0.157025723018086
"1192",347.714804771209,0.253375294148739,1.13327296774833,0,0.0327508526752656,2,0.977683921179737,0,0.106152375021517
"1193",592.202316199186,0.253375294148739,1.91765457793922,0,0.170470651971554,2,0.977683921179737,0,0.106152375021517
"1194",246.662775190523,0.253375294148739,0.784381610190882,0,0.20322150464682,2,0.977683921179737,0,0.106152375021517
"1195",5.85686727675769,0.0615718711514133,0.0619972882199393,0.0245598433103806,0.104278625770852,3,0.573359101439251,0.152059338889797,0.115832988984356
"1196",38.0023607809629,0.0615718711514133,0.493154111891204,0.263417335513886,0.0901441330664836,3,0.573359101439251,0.152059338889797,0.115832988984356
"1197",34.9003342994298,0.0615718711514133,0.431156823671264,0.238857492203505,0.194422758837336,3,0.573359101439251,0.152059338889797,0.115832988984356
"1201",16700.4141449955,0.232786833153804,8.62411856991386,0.0573263092922005,0.0587658489413965,3,4.49020391541082,0.150021809993348,0.0531325902846794
"1202",17882.6542191379,0.232786833153804,9.23275385356422,0.130241204256755,0.02698191563438,3,4.49020391541082,0.150021809993348,0.0531325902846794
"1203",1192.34814206565,0.232786833153804,0.608635283650365,0.187567513548956,0.0857477645757765,3,4.49020391541082,0.150021809993348,0.0531325902846794
"1204",11.6671646289637,0.106809136797304,0.141916083560366,0.00143252924293336,0.00745548815145547,3,0.412134884022343,0.117026849460076,0.0433484111453192
"1205",71.4598039342869,0.106809136797304,0.8386210125693,0.107366388118598,0.0703854171210985,3,0.412134884022343,0.117026849460076,0.0433484111453192
"1206",59.8589653358042,0.106809136797304,0.696704929008934,0.108798917361531,0.062929928969643,3,0.412134884022343,0.117026849460076,0.0433484111453192
"1207",3224.2035079482,0.0625029262311897,7.29555093824408,0.0128024993990241,0.171952599879623,3,3.81385195740146,0.0428602287880154,0.162164022241319
"1208",3486.1150824246,0.0625029262311897,7.89021711375093,0.0152374329401006,0.137879610895583,3,3.81385195740146,0.0428602287880154,0.162164022241319
"1209",268.367376390725,0.0625029262311897,0.59466617550685,0.00243493354107649,0.309832210775205,3,3.81385195740146,0.0428602287880154,0.162164022241319
"1225",16.1159038534874,0.0618364250311444,0.171882300809644,0.26609265428772,0.0293067561604596,3,0.366562815860198,0.285575818997413,0.0588267972516994
"1226",17.9266630424687,0.0618364250311444,0.382577953779457,0.0482333109944229,0.0427901135841156,3,0.366562815860198,0.285575818997413,0.0588267972516994
"1227",34.042566895956,0.0618364250311444,0.554460254589101,0.314325965282143,0.0720968697445752,3,0.366562815860198,0.285575818997413,0.0588267972516994
"1243",5.33826355473187,0.107384744180915,0.0473222832762357,0.0116320141721662,0.096412764628484,3,0.433519852449059,0.0734371911723788,0.0567534845762765
"1244",55.1745756458564,0.107384744180915,0.6348064832237,0.0195810484947927,0.0137810111294741,3,0.433519852449059,0.0734371911723788,0.0567534845762765
"1245",59.8619553716484,0.107384744180915,0.682128766499936,0.0079490343226265,0.08263175349901,3,0.433519852449059,0.0734371911723788,0.0567534845762765
"1246",2829.01176489806,0.0712713378805422,8.00306869471299,0,0.0300877776399604,2,4.01661345123224,0,0.0932949911087153
"1247",2828.01198568428,0.0712713378805422,7.99883144026478,0,0.0907365037964265,2,4.01661345123224,0,0.0932949911087153
"1248",1.99562079182684,0.0712713378805422,0.00423725444820366,0,0.0606487261564661,2,4.01661345123224,0,0.0932949911087153
"1249",17.0478050581602,0.0630478164685991,0.0972791974413205,0.0749804510557199,0.124231036784832,3,0.481574636006628,1.13076689234421,0.115620751794419
"1250",169.584194800327,0.0630478164685991,0.431059723362344,1.08834558624832,0.121564747977052,3,0.481574636006628,1.13076689234421,0.115620751794419
"1251",163.548961258593,0.0630478164685991,0.528338920803664,1.0133651351926,0.00266628880777997,3,0.481574636006628,1.13076689234421,0.115620751794419
"1255",128.318485870864,0.0834654261545482,0.471940708381666,0.0441394215002244,0.0422732094338798,3,1.74670484377568,0.0797605396548598,0.0527494316247987
"1256",790.375992594694,0.0834654261545482,2.92639715884506,0.0022910582445963,0.0228098356821249,3,1.74670484377568,0.0797605396548598,0.0527494316247987
"1257",918.694478465558,0.0834654261545482,3.39833786722672,0.0464304797448207,0.0650830451160047,3,1.74670484377568,0.0797605396548598,0.0527494316247987
"1258",47.4392116867351,0.0621398100202253,0.853160510990761,0.0476457681014022,0.060705125462241,3,0.473699020848873,0.0585267637143607,0.0868618156519719
"1259",34.383956608249,0.0621398100202253,0.626525616219821,0.0121409527696663,0.0146162380125654,3,0.473699020848873,0.0585267637143607,0.0868618156519719
"1260",13.5110375252897,0.0621398100202253,0.22663489477094,0.0597867208710685,0.0753213634748064,3,0.473699020848873,0.0585267637143607,0.0868618156519719
"1261",130.633632063766,0.0613892713447213,0.826781671677675,0.00449451622713326,0.00601232607097835,3,1.38905791100866,0.0573072972284434,0.0428292429429052
"1262",464.043359818142,0.0613892713447213,2.93498106878579,0.0259432024916357,0.0713922529633031,3,1.38905791100866,0.0573072972284434,0.0428292429429052
"1263",333.526852044206,0.0613892713447213,2.10819939710812,0.030437718718769,0.0774045790342814,3,1.38905791100866,0.0573072972284434,0.0428292429429052
"1267",57.021887187121,0.211447955617203,0.368205457012271,0.138193206581287,0.0324426373286428,3,0.340061376883525,0.117907135186136,0.126386997161771
"1268",72.6370457270997,0.211447955617203,0.50220184588084,0.0286031870408419,0.0896330780107775,3,0.340061376883525,0.117907135186136,0.126386997161771
"1269",25.7356400011441,0.211447955617203,0.133996388868569,0.109590019540446,0.0571904406821346,3,0.340061376883525,0.117907135186136,0.126386997161771
