,0
HSP90AB1,2.6245995364508072
HNRNPM,-0.042386339666599326
MS4A1,-1.1198976896888446
MAP4,-0.41194164414860346
SRRM1,0.8352319173706633
DNM1L,-1.0503777261916483
LSP1,-0.6236292836359514
SRRM2,-0.51968904800807
TPD52,-0.7736411645629317
HMGA1,2.942077137179073
EIF5B,0.2373957333962462
PABPN1,-0.4409323641812719
NUCKS1,2.8788739518990774
HDGF,0.7040807351687768
RPRD1B,0.5412737896705195
ABLIM1,-0.2796652331999212
THRAP3,1.4398249070290792
EVL,-0.6479726443259608
CDK1,-0.49204349777084033
NOLC1,-0.3376260838562999
MYH9,3.611049311641544
SUGP2,-0.8891073526319264
LSM14A,-0.36830821637795275
ARFGAP2,-0.5142168389267976
ACLY,-0.5062554221890974
BCLAF1,-0.7386070014866206
EIF3CL,1.3897864772506274
CANX,3.268538462143601
RBM39,-0.639229553202437
ACIN1,-0.339892050090592
PNN,0.02945603241707495
PPP1R2,-0.5486569408514796
CHD4,0.7016071042831378
TERF2IP,-0.6712179549610298
PPP2R5D,-1.0837982553403123
TPI1,-1.1464550411928727
ATXN2L,0.1058227631673887
ARHGEF6,-0.6967049290089147
LCP1,1.2664872700190575
AP3B1,2.8900023459832784
CLASP1,1.143201543450978
NCL,0.8012640737159948
HLA-A,-0.20502595377946164
EEF1D,-0.25812543293149837
SAFB,0.7186495999754783
PCM1,-0.4540946650964095
BOD1L1,2.308399928610015
SEPTIN2,-0.050482869854109325
SRSF6,-0.40196955827594216
PAICS,-1.0576878873806592
HDAC1,-0.011839916354791313
DAXX,-0.16246505123914723
SLTM,-0.3224707765077426
PNISR,-0.7960384148402131
PCBP2,-0.8553006936254306
TCEA1,1.0821717877060006
POU2F1,-0.4718996808106297
TPD52L2,-0.11165490755328555
RANBP3,0.1794618267659871
CSNK2B,0.5626023894303724
SON,-0.7100859975458764
DENND4A,-0.48109339494706127
LMO7,-0.31566872472870955
LARP4,0.031019453378142714
TP53BP1,-0.7831983266904583
CHAMP1,0.08991906305860553
LRWD1,-0.6651998332984377
TJP2,-0.7097973805214775
RCC1,-0.3495106339454761
ABCF1,0.483095557960608
EIF4G1,-0.437942118194087
U2SURP,-1.1577566523671194
SRPK1,2.9447518529000005
UBE2J1,-0.6949510715782417
THUMPD1,2.4348469984656695
REPS1,2.1752653193635716
CARHSP1,-0.22049344507840551
CAD,0.08971191179457705
CLASP2,1.322420863827956
SLC38A1,2.4213576143119635
TCOF1,3.702256277069015
PRKRA,0.8980295800744091
CXCR4,-0.009379178778154085
CD74,-0.5819733713791777
SF3A1,2.609276574798187
EPB41L2,-0.6110076535902067
IQSEC1,-0.43924333201353427
SKIV2L,-0.16262878846836948
PLIN3,-0.7362117308497815
KLC1,0.4168411701653003
SLC16A1,0.9709834239499031
DDX21,3.0290782010724664
RPLP0,-0.03242137508381937
NRDC,0.10144593516047351
RPS6,0.14119541232682664
PCBP1,-0.492395484609764
ZC3H14,-0.44140806279962774
ACAP2,-0.8535525088385505
SNAPIN,-0.5012449758099553
RBM12,-0.13169565020713137
MFAP1,-0.07402268889912733
PCF11,1.0151790151389548
RCSD1,1.1927799170469893
SMARCC1,1.527110718770583
HSP90AA1,3.201827879833952
PKN1,1.345379658547058
FASN,-0.4669955092894984
PSMA3,4.389080400523907
PRPF4B,2.116335655858432
EIF4B,0.7531311447162263
ZMYND8,3.207119876291034
RSL1D1,-0.12917907301638998
PPIG,2.5215116815664
UBE2T,0.12455780279669426
TOP2A,2.083490762988566
HTT,0.6540041048372007
GMPS,1.0990716263139557
RBM17,-0.32649759689579305
BCL6,-0.49436257890614854
C9ORF78,2.522337263589021
RBM10,1.0404328580691846
ARHGAP15,-0.2455545685322793
ATRX,2.9615739467235978
LAMTOR1,-0.9458494906990644
HNRNPH1,0.5091364636759224
SRRT,0.43031880522248933
ARHGAP25,-0.21172427714940767
SF1,-0.09555727192845609
SET,0.9225338912108825
CUL4A,-1.0806263684011288
ARID1B,-1.0162659862572898
MED1,-0.831714591427879
PPP1R12A,-0.6821287664999343
CCNK,3.2978694308213514
RALY,-0.6506815414147855
GPATCH8,-0.0529843250770341
NUP153,-0.45529337675610293
HDGFL2,-0.07118738133300972
TTC7A,-0.3499686129678068
NPM1,-0.3551019264368467
PTPN7,-0.4218018111104982
CLASRP,-0.12464042003087172
PPHLN1,-0.3155322767826405
KLC2,-0.5427839326651913
LRIF1,0.4712849854680172
JCHAIN,-0.8488498546803722
ZNF385B,-0.4871397074421271
SPN,0.8570259031036809
CDK17,-0.6148417659747363
U2AF2,-0.27060887473024486
SPAG9,0.2980872331455391
MTFR1L,-0.5823425949539729
LEO1,4.245468383504744
CCAR2,-0.12567681290668276
HCLS1,-0.4467940650543021
ANKRD17,0.49780403696489195
LARP4B,1.0102224571848435
RBM25,0.39569315598606636
PSMD2,0.20674684789768527
YEATS2,-0.3384543600267147
PRCC,0.9512870777829967
RPS3,0.20943782126003185
ZC3H18,-0.26627372282942474
RASAL3,-0.11464386643987723
SH3KBP1,0.30949836842419565
SPECC1L,-0.3110713111344179
NSFL1C,-0.6914027051624547
TBC1D4,-0.6032669017008665
PRRC2C,1.1435678642404383
SRSF11,2.889295804985341
SUV39H1,-1.0339943305987784
PGM2,-0.24043555444879594
PARN,-0.18933603189869253
POLR2A,-0.637679093864211
SCRIB,0.633767982114481
MEPCE,-0.5463598822791145
GRK2,-0.7859660052843758
DKC1,0.17236159445833898
CDYL,-1.296521820602381
RBM15,-0.5205674933385485
PGRMC2,0.4119585225572653
PHACTR4,-0.5368081585923701
FMNL1,3.0716720122899126
TBC1D1,-0.6730520503501864
MCM4,2.016322513733604
MDH1,-0.9664209958666277
WAPL,0.023599267113395328
HELLS,1.3763028661139387
PGM3,0.06921499954768962
DHCR7,3.712755316044377
STUB1,-0.17589106436656365
CCDC86,-0.5933051104131142
NIPBL,0.11178994888324567
NOP2,0.2757239276893948
RAPGEF1,0.0049911914213431885
BCL11A,-0.9106789303329581
VAPB,1.193878036139627
EPB41,3.937884829872745
SLC20A1,2.4809773365815095
CUX1,-0.822098066838624
RBM33,-0.429212222829749
CDK12,1.9907287255894373
SEC16A,-0.2731136097819782
TELO2,-0.08100728419455194
MARCKSL1,-1.3879978168194445
MVD,-0.324001323050922
SZRD1,-0.7394945124516017
SRSF9,-0.42362971268139127
SYNRG,-0.46579261331151933
USP24,1.0236039718965984
ZGPAT,0.6350412194393389
IWS1,3.0464201670497912
IGF2BP1,2.268115399335704
EML3,-0.644031147949562
PHF3,-0.1203898947472517
NUP35,-0.3255210083043192
KDM1B,0.19133266523623327
PTPN22,-0.7098260801374359
CAP1,-0.6909245444589232
NDE1,0.10917287482099347
PDAP1,2.8871893926187377
PIAS2,-1.0729120550420284
NCOA7,0.9822738418078139
VDAC1,-1.0751752601671711
HMGCR,-1.3331329217841361
ELF1,-0.5751362593306002
AKAP2,-0.06614330705498084
HDAC2,0.011399898092712135
ZC3HC1,-0.7171407190588059
BRD2,-0.356645010771679
HNRNPA1,2.8874761148254695
HDAC7,1.7296268816670715
RBBP6,-0.7280175573129188
PRKD3,-0.5047976358261685
ESF1,-1.085771765565383
STIM2,-0.6995292797617889
USP15,-0.3958646159094368
LIG1,2.889185785530496
IL16,-0.42691451797193025
SRSF1,-0.4206141265776857
MAP7D1,0.09948820435120354
EIF2B5,2.921118564818104
LBR,-0.8460508152750981
EDC3,2.558577740223334
UBE2O,-1.2937258516151662
ZC3H11A,-0.4183833656815832
SNW1,0.05072237662836088
DFFA,1.988346179612721
MPZL1,2.011979062146964
WIZ,-0.8858424873747381
BACH2,-0.2488555745095944
C18ORF25,3.2710386946583894
HNRNPK,-0.872768339831536
ARID1A,-0.3345297795137725
RBMX,0.7054386225847793
VDAC2,-1.457629348952091
INPP5D,-0.3138028766809118
PELP1,-0.031213030292180477
ZC3H13,0.8111859549625056
CARMIL1,0.039076563506860396
RB1,0.04477435004829289
RIF1,1.1956382016014278
TP53,0.4394407830253009
FIP1L1,-0.5279243935872362
MVB12A,0.4026100408096145
SCML2,-0.6354903065264335
PFKFB3,-0.39873728740818315
WDR20,-0.21596386321853167
SLC4A7,1.25924974004303
PRAG1,-0.38669394051698447
SNX29P2,-0.27182293432940696
TMX1,-0.2346273873551592
SSB,2.5097335847306583
FAM122B,-0.13812826275716006
EIF4G3,-0.8722063153250037
LUC7L2,-0.6946596849984612
C12ORF45,0.6930613509833847
AFDN,0.11732055308453049
KMT2E,-0.4747823480406623
MIDEAS,-0.4806745351027928
NUP214,-0.7808315965816384
SLC4A1AP,-0.7095548529271074
NF1,0.012377359992749248
KDM1A,0.07502544262456645
NUP155,1.6642475141935549
KIAA1143,0.9772078635006007
LAPTM5,-0.6730366968433472
IRAG2,-1.1277329550619353
CRYBG1,-0.24755360249251268
SERBP1,-0.41164777926426765
SF3B2,1.7555947121878877
PATL1,-0.37954466579081014
EBAG9,-0.8878092161044666
FOXK1,-0.5608088980886716
DNAJC2,2.2115440303485743
RIC1,-0.22063275421757567
SCAF4,-0.037973279448356934
MME,-0.49519737906554795
CDK13,-0.03570951197466243
AMPD2,-0.22189992752310062
NAF1,2.00772919115704
CCNL1,0.21034655936816193
FNBP4,-0.6016378489106042
ILRUN,-0.8438583275326437
PTPN2,-0.4506070276481502
APC,-0.31019376564625745
EIF4EBP1,-0.13443772421093492
SLC44A1,0.6661965812818575
MTA3,0.4024176800924746
PSPC1,-0.5492620059534108
AP3D1,1.6127544835681267
UFD1,-0.9252704234767251
ARHGAP45,-0.29995881499645805
PRRC2A,2.0746308947422705
FLII,-0.3551112668951397
RPUSD2,-0.48262659445375533
STRIP1,0.19670134256606708
DHX8,0.38860951923088294
DNAJC9,-0.7778917884810088
PRKAR2B,0.2644432887016652
CDK11B,2.176637178011105
GTF2I,-0.5461745685624333
MAP7D3,0.015336943184337315
BAP18,-0.8773708572864631
TFAP4,-0.6973484230830085
THOC5,0.6464048286825879
CEP43,0.07029537236216399
CWC25,0.2962816443540959
MIOS,-0.7264159274935853
DCUN1D5,-0.064667389533966
HNRNPU,0.4302053174269833
NMT1,3.1656275120267
ECT2,0.8855667496181052
NOP14,0.3221440635556725
SURF6,3.18755143887273
ARHGAP24,-0.7067199244434033
TRRAP,-0.8327512799617605
CHEK1,-0.03811215539357882
TJAP1,0.36319459347695116
ZFC3H1,0.7220890212292765
FLI1,0.15813825601012965
GDI2,-0.7344686532876814
RBM12B,-0.529348957102636
PTK2B,-0.6574474842588689
CENPC,0.2094843939476636
DNTTIP2,-0.6902757031860247
MYL12B,-0.3473767698516834
SMARCAD1,-0.8590068590261986
GLYR1,1.9101655124608943
ZMYM2,-0.2788740417236131
NCOA3,-0.5895921153991974
PFKP,-0.9424673521262523
LIMA1,-0.16896824722539705
MKI67,0.09279774158203224
LARP7,3.2648457182324977
BRD8,1.5522487260249545
PCNP,1.36498392090835
LDHB,-0.3350803521827128
FTSJ3,2.0511174146239464
PIAS1,-0.7949459725600541
AKT1S1,-0.5542923789705174
BNIP2,2.2336013307159295
NBN,-0.7698617355392621
ZC3H4,-0.13146174425823887
ZDHHC5,0.6048693513053447
GATAD2B,-0.323864803650979
EIF3K,-0.4911545768412431
DDX5,-0.3252130214560438
RSF1,0.20167609874737025
VAMP8,1.666184893697631
DCK,-0.5113779517673684
MICALL1,-0.36403455022448306
NCOR2,-0.34061766610757793
CTDSPL2,-0.029810655901352234
ATR,-0.5621885470515977
CDCA8,-0.39577400479588576
MSL1,-0.5530627193611757
PHRF1,0.23992861088704132
LRIG1,0.007819925225469149
ZRANB2,3.15587050650427
RPP38,-0.8391636015532598
PUM1,-0.2783141461831793
RPTOR,-0.44384883250696383
N4BP1,-0.3995530812431678
LIG3,-0.7787176817668282
MAD2L1BP,0.2512555469387312
NUP98,-0.535753422000905
EIF4G2,-0.45243049558721005
AFF3,-0.1800190267981403
BICD2,-0.5293561802075804
SUPT5H,-0.5430216881277641
HNRNPC,4.534828437194681
CTR9,0.31919895417581756
APIP,2.379039888852586
KPNA2,0.3890057440951029
CAMK2D,3.87649177707692
CBLL1,-0.42689171034938056
MCM2,0.9924972756923793
KHDRBS1,0.8877280782106745
PCYT1A,-1.3622038947835122
CDCA3,0.6187483480261307
ZNF638,0.22187199695376592
GAPVD1,0.33285379321287145
SLAIN1,0.06164610147073013
CEP55,-0.056080988806163745
ZMYM4,2.855357815408391
BBX,0.9387562954587381
CSTF3,-0.20028475404624757
TERF2,-0.8642514740631029
AKAP1,0.7286936079770125
WDHD1,0.8989475919162633
RALGPS2,-0.4658379324860391
IMPDH2,1.3935416133586838
C1ORF131,-0.3717024088101333
DOCK2,0.2799591489245792
ZNF609,-0.4192931979455743
SMAP2,-0.0044867518927595995
BAZ2A,-0.07926421128461492
LRRFIP1,2.8700095334526834
ZFP91,-0.09555421091656591
PALD1,-0.31369789172714313
PFKL,-0.4916280812224141
GIGYF2,-0.7145537413353349
SENP2,1.0635375774743494
TMPO,-0.7712747950059136
PFKFB2,-0.5819053684824453
IBTK,-0.11060906403036164
CCDC25,1.98533238414225
C2CD5,-0.7855253665501074
NDUFAF2,-0.5918110928945346
RAPGEF6,-0.10163452122065308
RPL14,-1.1995210809191903
KIF15,1.6648648230261793
SNRNP70,-0.27367556717009656
VIRMA,-0.13917316474576147
KIDINS220,-0.7637725093081471
SAP130,1.168774921533517
BUB1,1.1919408260473379
WDR77,-0.6389560897004873
TRIM33,-0.3265179515971077
CENPU,-0.5800222523616281
YTHDC1,-0.5341576568560065
PTTG1,-0.9503630075572005
CCDC88B,-0.21608372131573184
DIDO1,-0.3062828699452158
HTATSF1,3.1486876431863395
NCBP1,0.11197697619020985
SAP30BP,-0.13487156215770923
TRIM22,-0.645527512052352
DAPP1,-0.8724026809255925
GPALPP1,-0.6389545965995538
ARHGAP19,-0.873329346106555
CORO7,-0.6339524750702772
HMG20A,-0.5518345585301638
FGD6,3.242910680113285
BAD,-0.850955379142043
MACIR,-0.02245570300116384
ZCCHC8,-0.1984902960536381
TFDP1,-0.9150052442067924
RPS27,0.24474328518596877
WAS,0.2212504979180263
POLR1F,-0.51179657208605
IFNAR1,-0.37925510886580227
PPP4R2,1.7243059349531862
DDX3X,-0.15951815821313886
KIF18B,-0.22889455979682083
GTPBP1,-0.023050231732757
NCAPH,-0.25065918160423095
RUNX1,-0.43643578993688514
HJURP,-0.7775443697669253
TASOR,0.5965107727718415
RIPK2,-0.5887874842579386
CWC22,3.9780192702994857
SMARCA4,-0.7002898320339614
RUBCN,-0.5009226104328874
LRCH1,-0.6501382431802298
IKBKG,-0.010422224648415579
SYNE2,1.9501775792902105
LIN54,-0.7431759588174156
CSTF2,-0.2619706098515504
IRS1,-0.4361546704623347
PTPRC,-0.34802104872253814
FRYL,-0.5700115429355854
WRNIP1,1.7540824198103309
ARID4B,-0.7669084643970638
RBM6,1.9665116141322168
SRPRA,0.6112965824182073
ARPC1B,0.028605559713216877
CLSPN,-1.414965197766433
DNMBP,-0.18932524701179254
RPLP2,-0.34018135629702506
BRD4,0.20707852169361196
SORBS2,0.17139015577592787
AHCTF1,0.06753318907031503
IRF2BP2,1.1446621169895081
CC2D1A,-0.0634002407676455
PRDM2,0.16054357646943096
OGFR,2.216746973761902
NOB1,-0.7498582709129211
HMGXB4,-0.8727886050158027
SRFBP1,-0.15359841606265867
SEC31A,-0.23893768469804577
KRI1,0.14212085734939528
DBF4,-0.5945710043089889
PI4KB,-0.7896454134419653
GLCCI1,3.1449500363645404
DOCK8,-0.3488045397935551
OSBP,0.053719624909486896
AATF,-0.1623756257807898
SQSTM1,2.0374846088577128
ZNF592,-0.7526522646377511
ZNF106,-0.29144035458568496
EFR3A,-0.7034512075745454
ESPL1,0.32366124356741466
NFKB1,-0.7790022291822929
TFEB,-0.19818394500434522
RFC1,-0.7085766757344363
POGZ,-0.6914668482819177
RBM23,0.5079650207861217
ZNF326,-0.9243586413984755
RALGAPA1,-0.4961887747582612
TBC1D10B,-0.03801021072070121
SLC29A1,0.16351972898500122
RPS17,-0.20419816376038646
SMG1,0.0681673971321235
TRIM28,0.4288029257984203
NSRP1,2.354165113964293
SPAST,-0.5176215636629617
CHAF1B,0.014711407030604917
NEK9,0.6941370013548251
CEP250,2.5380228895347745
TAF3,0.28006743776694165
TOPBP1,-0.6063633401552355
IRF3,-0.7818965116071386
ARFGEF2,-0.7694034944076105
MAP1S,0.4040426874193077
TFAM,-0.48473544829932713
TAGLN2,2.33679921872585
RPL18A,-0.6819013391689879
PHKA2,-0.6420790556776002
SIK3,-0.22921181268379343
RPL12,-1.3987513752956584
DGCR8,-0.39505910592500193
SMC6,2.5926347108162355
CIC,-0.3752765272693246
MACF1,-0.5961437090008452
C2ORF49,-0.3457558774439029
ATAD2,-0.8687842943160078
NUMA1,-0.2510827984432691
MEF2C,-0.40786519556951717
NUP107,0.5144492053969003
PDS5B,1.8986287054374484
RFTN1,0.5063998467209849
MYBBP1A,0.10083639118960797
ATF7IP,3.141229146122657
UBTF,2.983248335737639
PAXBP1,0.24820067971919713
STK4,0.7941063392882022
MTMR12,-0.5097832417851489
PPFIA1,-0.2510689367561856
WDR44,-0.29168325593703415
RHBDF2,-0.6008922571144719
EHBP1,1.2513186801963538
EIF4ENIF1,2.252918953898212
DOCK10,1.9389556428741468
ITGA4,-0.8313715230663785
SEC22B,-0.9367043909033317
PRR11,-0.40956104766275914
ERCC6L,-0.27612028473956585
MICAL3,4.358107046671232
PKM,-0.28782386481563904
PEA15,2.8240511018209116
ARHGEF7,3.3983378672267364
PPP3CB,2.037102117131238
PGK1,-0.6764610531880972
HPS4,-0.5303220850179216
ACSS2,-0.26417926571229344
ARHGAP35,-0.9454497011967966
MARK3,-0.4738948063221837
RAD18,-1.1552187369200677
MAGOHB,-0.6952250562029629
RBBP8,-0.8836806113932294
IRF2BPL,1.7957221373164547
EXOC7,0.8347848800868132
CD79A,-0.469965053307849
IMMT,-0.11493995715646932
FUNDC2,0.1725050896171645
NFATC3,-0.6912917514555463
POU2F2,-0.4784826193916061
PSMD11,-0.6238295841540342
EIF3H,0.1662745958589067
MTCL1,-0.020596299793263384
ATP5F1C,-0.5313701141368714
CCNYL1,-0.641189828658284
TPX2,-0.49114346681673027
RPRD2,3.740442828769682
INCENP,-0.8013487918695965
PRR14L,-0.690081925844547
ZNF318,-0.40320054159070295
OBI1,2.1589776091534914
NADK,-0.3828816211890782
RRAS2,0.6483728773800657
DLGAP5,-0.1701094431891228
USP1,-0.7490591252165775
KHSRP,-0.19916603962637325
RRM2,0.22673353532034035
KANK2,-0.9780441636367065
MTA1,0.8596496214427605
RSRC2,3.9858513549631542
YJU2,-0.0619082130810753
STAU2,0.3485240732648549
ZCCHC17,-0.23268446766276085
PRRC2B,4.615657552704745
HEMGN,-0.7512984340267135
AEBP2,-0.6346727891865349
MYCBP2,-0.153378147758378
NUFIP2,-0.6041139293194249
NASP,3.21226237907267
TTC33,0.06031153829183822
MYO9B,1.3444089121988672
CSRP1,-0.4112006955524148
CBX3,3.517449035956054
TACC3,-0.6619548104010828
EML4,0.06256525051778716
MAP3K1,2.9481120501102698
CEP128,0.02444080949446814
SUCO,-0.6027191579420936
FAM126B,-0.6296201573332727
SORL1,0.7956622154384316
ATP1A1,2.622797240579758
ZC3HAV1,-0.6917274647302794
LYSMD3,-0.7393667470451817
SGPP1,1.0721588434940355
DEK,1.3572419735269712
CCP110,-0.6064292841757783
PUM2,3.636298467628472
BORA,-0.5428420912722718
SIN3A,2.1495160028146953
KANSL1,-0.04622879581085648
BAZ1A,-0.6004198076016625
OSBPL3,0.7376669677314904
ARFGAP1,2.271714449747477
PRPF40A,4.010479318729353
SGTA,0.24938190884419598
CARMIL2,-0.44449618057561047
RRBP1,2.3677854239786793
ZNF608,0.12246375361461936
DDX42,0.28107270010244
TPR,0.029748440804439724
BLNK,-0.0695791123663323
GTF3C4,0.27224531029189336
WNK2,-0.4229386802815345
UHRF1BP1L,-0.19295336354975134
SLU7,3.1782385429836797
KNL1,-0.6541958676963944
KIF4A,-0.4429112859373596
BUB1B,0.47043236259042054
TOPORS,1.8396815939725135
HSPBP1,0.057250422072954166
DVL3,0.7643581313026733
PPP1R35,-0.21051645672546826
SGO1,2.969406190801166
TAF12,0.21647484847402865
PPP2R5C,1.4901321166723873
H1-3,-0.7599931236378037
OTUD5,-0.3013138670229605
SOX5,-1.0196095037060058
PAK4,-0.6544503053052857
SAMHD1,-1.0254576674161022
FAM193A,-0.15413621049796689
LASP1,-0.21672979984497331
HSF1,0.6271483417853876
IKBKB,1.2485564643408322
PHC3,0.091411654287894
UBR4,0.23710304808042615
EI24,-0.6918373104758224
HSPA4,-0.15149060372808165
NKTR,-0.6469425600420138
SETD2,3.1643517880205065
RERE,3.2839341556684642
URI1,-0.14922749813596425
MRTFA,-0.6453336561385381
SYAP1,-0.7904376154018298
AHSG,2.9907342777409944
YRDC,-0.5805456050259412
G3BP2,-0.5137004111327563
RIPK3,-0.7713398507839155
CBX5,1.6846503614530812
CETN2,0.10388445650752232
STX10,-0.2892352931161817
APLP2,0.4400973414966254
KIF21B,-0.2970377055587452
CFL1,-0.15992259008302234
WIPF1,-0.3713953433800903
UCHL3,0.11498059014942541
HIVEP1,0.5911440569131425
MYO18A,1.0848994306388082
AGFG1,1.435213542094698
HACD3,-0.8319137258091089
GTF3C2,-0.5242070365876206
USP14,-0.6159368250878074
YTHDC2,1.9118870029832653
MCM3AP,-0.16927296590780294
CAAP1,-0.4370335088625268
ELAVL1,-0.5222052539652946
SCAF1,0.4240481668787268
HDAC5,0.48767110309371375
NOL8,2.216821187959826
SLC2A1,-0.4431518425315524
RYBP,4.01529989373166
PSD4,0.014443480987267776
CREB1,-0.3959997688932475
HNRNPA2B1,-0.34027765927276743
FARP2,0.42766127963290224
POLD3,3.3551433416689864
RPS6KB1,-0.19083472271564084
SCAMP3,-0.2279578258352668
CEP170,0.015934617146662333
SLC9A3R1,-0.2698868904164424
CALU,0.4270546486263296
NCOA2,0.1355105434124404
NCAPD3,-1.17874344951945
NKRF,0.7597436299467102
RRP9,1.4429376030654257
DDX51,3.3503848998396384
NFATC2,0.006589020750737973
BRCA1,0.6902488007494831
MPHOSPH10,-0.2911409041694295
IFI16,0.27947587010368835
MAF1,3.067189652926758
ZNF148,-0.385009070000887
ZFR,2.0751914750717058
EHBP1L1,-0.60635126039905
SEMA4A,2.9008122326770254
WEE1,1.4427810329373116
XRCC6,-0.5124435964011216
CCDC18,-0.42064177406946257
RBM26,0.827005934291126
ANKRD28,-0.5258776154126554
EMD,-0.0067222676131262205
PACSIN1,0.034359638071681076
TSNAX,-0.24153736336451104
AKAP11,-0.5976512317429865
BRIP1,0.024522967820805874
WRN,0.13983998640053485
GCSAM,0.19166996184656426
RIOK1,0.87325099548986
ATRIP,-0.272525199716382
SLC1A5,0.8318579848092682
DOT1L,-0.44313128430094295
TAF4B,-0.46985047797227253
ANLN,1.139870350125432
NR2C2,-0.6155609452678039
DSN1,-0.12285172977070857
SLC12A2,-1.182426926467505
NEK1,-0.1979647853705977
NONO,-0.6323777103445956
ELL,-0.45513891363657244
EHMT2,0.1891070898525502
DMAP1,-0.3807372816299974
NCOR1,1.703978051901763
USP10,-0.7623178667979644
VGLL4,0.3671405580902043
PRKAR1A,0.3851811447595992
TRIT1,0.27865256774701486
DDI2,-0.7071472389844065
SRCAP,-0.07390851825749145
ALDOA,0.22997310277039595
SNTB2,-0.5858685003439632
PFDN5,-0.1628228014151567
MBD3,1.8158507105907926
CCNT1,-0.9270253176688241
UTP3,1.0553894547067388
DDX20,0.36527294133760435
GTF3C3,1.8860017471617523
MAP4K4,-0.1624950224260111
KPNA3,1.662148277353638
TNKS1BP1,0.5174554769763695
PNPT1,0.4731582993254566
JADE1,0.03425665304290959
KAT7,0.6722871465950604
GIT2,-0.37684848320966147
VRK3,-0.24418220428534454
SLC43A1,0.17566536608017103
SAMD1,-0.3081752423124371
DENR,1.9397556039754464
CTDP1,-0.42564644737233603
MGA,-0.825778718490179
SETDB1,-0.903515272289301
TIMELESS,1.072767643997726
ITPR3,-0.9560508062549093
CTTNBP2NL,0.10020810536152247
XAB2,-0.6169664900573473
NUP205,-0.28272687705107735
INTS9,1.331826428342243
SRSF10,-0.08799879777312825
SH3BP1,-0.5896706369968729
PWP1,3.859531758172122
TOMM70,0.42008941714162695
XRCC4,0.3842401072961392
RABEP1,0.30804621496530515
UBA1,-1.1260207757062215
ABI1,-0.7786779091324991
RPP30,1.6344555452506242
NKAP,-1.2422594768551178
GPSM3,2.3615488045511404
MARS1,-1.2475386808238795
PAPOLA,-0.8463566063287065
HSH2D,0.4526551308061961
RIPK1,-0.5788330972316871
GPATCH4,0.1114150568461234
SEPTIN1,-0.16840961492258089
MKNK2,-0.7051700378103725
TMEM160,0.2822051178752263
TMC8,-0.5897850365662869
ATP5IF1,0.1933573179637893
PTGES3,1.486641492093617
FAM126A,-0.5106781835134431
SPTBN1,-0.7252322751244424
UCKL1,-0.6401827824755042
CD2AP,-0.31946471089776374
CHCHD3,0.4468115654950635
VIPAS39,-0.6925840152730736
TLE4,-0.2024203786310288
RICTOR,-0.7403173719600957
RPS10P5,-0.23990850671264674
OSBPL11,-0.5843961892007012
TSC2,-0.45515904225189097
KIF2C,-0.47156128944210707
AKT1,0.1961358763697323
TMOD3,-0.08270091046495409
COPS3,3.490293499655942
PDS5A,2.479704291907434
SENP1,-0.6220278039862723
SRPK2,2.50478280603241
SEPTIN6,-0.37555905373384135
MARF1,-0.6212752550902252
TMCC1,-1.2152891555774996
KIFC1,-0.20680981674762844
WDR7,-0.42089305239027297
NOL12,-0.2165552181953121
GATAD2A,0.6945752588868395
RALBP1,-0.7436792092072295
MCM9,-0.5576848703866002
RTN4,-0.5110360335252331
HPS5,-0.2594691544684977
MLF2,0.6454587497294053
SH2D3C,-0.3910169014770677
ZBTB21,-0.13834293430297606
PRPSAP1,-0.3452651513199321
NAT10,-0.7368391928084321
GZF1,-1.055635407374405
SIPA1,-0.41358947601008467
RETREG3,0.4173914731612882
LCK,-0.6784445785426279
PBK,-0.3927689936354746
ESS2,0.23667224779873308
KATNA1,1.703564206196206
RECQL5,-0.5529543717600305
BPTF,0.08956820570903723
SMARCA2,-0.7074525842364441
MRPS36,-0.6026863958697284
POLR1G,0.3108790370973722
MIA2,-1.1053901999193787
UBXN1,-0.4329801666222419
ZNF830,-0.49735803377992127
RTF1,0.0634344745986084
EHD1,-0.649317488716191
NUP50,-0.30830255042586074
MAP3K2,-0.38414581453259444
ARID4A,-0.4322044918071697
ACACA,0.06972669810155807
ERCC5,0.8652641124633575
CSPP1,0.13471354470198627
HNRNPUL2,3.6409810994997693
LAT2,-0.43491317803720797
RBM27,0.7979584061399869
RNF31,-0.3591259446968067
EIF3G,-0.45935511099814796
RBM5,0.515094595674233
NFRKB,-0.6840325762474961
PHLPP2,1.2687271914599751
HUWE1,-0.5203499789470367
TCF20,-0.8212476851191681
BRD7,4.135185743352889
IFIH1,-0.2835282611332648
ARHGAP11A,-0.8345578406974923
SLC7A6OS,-0.2810174435300876
MCRIP1,0.4889766330709069
DENND1A,1.1724946647556704
ARHGAP5,1.3823976342402995
PDPK1,-0.5922841403021994
C1ORF174,0.10842928929011819
THOP1,-0.29529945652291545
PPP6R1,0.04131366652922175
TBC1D25,-0.03672775082654045
EIF3E,-0.21850089830377684
ZFP36L1,-0.5763731420284195
MAVS,-0.6425370984381171
EIF6,1.7368711091387015
COL19A1,-0.8098140293783267
BANP,-0.3519951383716453
TFIP11,1.7634950746988274
TOMM34,2.0231097346174396
SP100,-0.12871470796597073
SSBP2,0.3459479486946204
UTP14A,2.266399574662116
STT3B,2.4872616390014137
NFATC2IP,-0.3455915203849873
HSPE1,-0.6227892066524703
ABR,0.5745803341285587
FUBP1,0.10210201522260043
SYMPK,-0.24902326815018583
MAP3K7,-0.2775782862619227
MON1B,0.46146197781448706
ARFGEF1,-0.3143404068447069
DUSP22,-0.5757336445498247
ELMO1,0.7327852526174023
DLGAP4,-0.6796304671004876
CCDC88C,-0.7076788555429729
CDC40,-0.5248697321872982
IL17RA,-0.1414368983668659
ITSN1,-0.6593986746720137
PI4K2A,1.0707272444492446
LIMK1,0.5544602545890971
PPME1,-0.42175878992895477
DOCK6,-1.0273133599729416
SH3BP5L,2.5655955602354696
GPRIN1,-0.9304841624933786
RBM15B,-0.4514645063648146
DNPH1,0.09346719883747134
ANKLE2,0.06163786731728216
CCDC88A,0.27875811829423824
BRAF,-0.6310695807159288
PPAN,2.1337186747067607
PIEZO1,0.2481275195075856
MYSM1,0.7810477202435058
ARL6IP4,2.8944930550926706
DDX54,-0.2270191843799676
NIFK,1.4089037075140176
BAZ1B,2.127134684555978
TRPS1,0.5567838315249354
LDB1,0.08774498721026092
DENND1B,-0.7868894094915966
MAP1B,0.8533032810436509
SLC20A2,-0.3127058924462993
AKIRIN2,-0.9340863974954505
XPO4,-0.25043131262210316
AKIRIN1,-0.4824971626500414
CBL,-0.4651411963137466
PAXX,-0.2331321829244999
ZZZ3,-1.0071361727248203
RAD23A,0.4683675148095636
PLEKHG1,0.20487192024516077
BARD1,-0.6134890493213003
TAF2,-0.4251520426736022
NELFA,-0.3188036075667142
USP34,-0.7039461649863963
FAM53C,-0.624064694668041
NSUN5P2,4.262930291895292
MIER3,0.7805002390855531
USP20,0.7895710872075128
NAA10,2.1808328837476116
DEAF1,-0.5611338011733302
CGN,-0.012910925679895158
MEN1,2.4365284883224465
PALB2,-0.4270323458006722
EMSY,-0.6891047652590494
PTPN12,-0.6335715800240749
CD27,0.25758055685615133
MRE11,0.5571212967374777
HDAC6,2.3138461518684332
CBX1,3.173971126304992
RER1,0.03909403649269905
KIF14,-0.5891043947750916
GSK3A,0.13941966451068488
ZBTB7A,-0.13490070548181698
NELFE,0.27644824125832024
OSTF1,2.1448618163895086
RAF1,3.056906427875199
TRAPPC9,-0.7932363236586069
FAAP100,0.5478780131645449
RFX7,-0.09587937211246711
FKBP5,3.7182129130170862
UBAC1,-0.13402952803733825
YBX3,-0.16536942666563625
TTK,-0.0854212156274059
ZNF593,0.43523643533084666
VPS50,-0.3976959235868076
NCAPH2,1.314404270350817
SCAF8,3.6670977441333026
PUS1,1.2704488024352756
SURF2,2.700680643043386
SEC23IP,0.08084289553603252
DCAF5,0.8221207304741762
PACC1,-0.5950294293053577
UBR5,-0.16486269710658163
PAG1,0.7681038250150714
SP110,3.2952376598686666
KCTD12,-0.07425277724361479
RPS6KA1,-0.13136389948278193
ZNHIT3,-0.3941432668865046
GPATCH2,2.8179625093445226
CCNL2,-0.5919282866110311
ARPC5L,-0.6189707630992949
SNRPA1,-0.4335422339994537
STIM1,0.9012579963855654
RPS2,-0.32028049194026664
ZNF764,-0.6704424252210099
SMC3,-0.41932064446685047
JMJD1C,0.7113209430440914
HSPB1,0.19377326131532513
OTUD4,0.2689049918629802
EP300,3.3756558949850097
UBL7,0.0125544548922214
L2HGDH,-0.4621289888613731
GOLGA5,-1.1470776910450304
PSMF1,0.07333414502489433
CHMP7,3.4868433981930833
UBE2V1,0.5922235550056429
FOXO1,0.18792206664126354
PSMB10,0.23178394063114283
SETX,2.146849237327496
CNOT2,0.4589580291851476
ZBTB44,-0.7332618702091782
ADAM17,-0.0645019947530514
SRSF8,4.491373126286403
HLA-C,0.4923167657049925
MCM6,2.1401127115082126
SYNE1,0.3745139083706164
RIC8A,-0.462520748657381
CHD7,0.4124198561628942
RRP36,0.33170852708643217
OIP5,0.7382769875448307
PPP1R12C,-0.5283389208036677
RNF113A,0.45565902236294953
KMT2D,-0.8384487228680779
CCNT2,0.13204915625841807
USP16,-0.01205850228131311
LPIN1,0.24094301292374176
NUP42,-0.470298238848355
CHD9,-0.33542209674203427
WDR74,-0.7537493913028186
KLC4,-0.5249298452153752
LUZP1,-0.3126919581245957
GSE1,-0.38070697827524924
TUBA1C,-0.011601058726451896
GGA2,-0.14189037791354586
PRX,-1.2008823193862916
PDLIM7,-0.27650957473236826
MPHOSPH8,1.1348687500951948
CEP152,-0.3866063303174734
TRIR,2.070258059884936
HABP4,-0.6045266084602794
SNX17,-0.5007902391650916
MIS18A,-0.44822030146913505
ZNF516,3.4169406259735213
SSRP1,1.7675006925038987
DAP,-0.8276205884777958
SMCR8,-0.9259312230841079
GYS1,-0.3155972589753171
AGAP2,0.18954626852658585
LNPEP,-0.7965211852965819
PLEKHA2,-0.6657319985649304
IRF2BP1,1.2007208147014854
TMEM39B,-0.7114143782912983
GTF2F1,-0.2928719591373241
CDC5L,-0.9007732388598457
PRIMPOL,-0.8156340190341123
PRKAB1,-0.33251357171703866
WDR48,0.028160824213967928
SH2B3,0.17936855148533581
FLNA,-0.5348790887519268
YBX1,1.9010971835748576
ASXL2,1.6447379199833874
TANK,0.7700141169985955
LRCH3,-0.7134731375009853
CD22,-0.08131361610719079
SCFD1,1.2030587634562018
MORC2,4.570198704917442
L3MBTL2,-0.3767419164023593
MYH10,0.6880416901456607
RNF8,-0.7465843966551882
VAMP4,-0.12248399018108103
PPP1R18,1.5475601070283433
ASPSCR1,0.329508245637129
NRF1,-0.706464314465391
FAAP20,1.245221367248078
BCL2L12,-0.46948820316700424
MACROH2A1,-0.7848895925454702
SLC43A3,-0.6249639187539762
LAS1L,-0.3592362482143221
TMCC2,-0.7707609924913505
MTMR3,4.295876833447068
WDR75,0.0023733164060288914
ANAPC2,-0.36425636803645833
KAT6A,0.07263886676726727
CASP8AP2,-1.0592025797631415
ATP13A3,-0.13278209938863306
CDC6,-0.306071189959928
CCDC43,-0.25943657662300623
USP47,-0.6962055915976464
KANSL3,0.07289110046970748
CTTN,-0.6608568520024445
SNX1,-0.9598109858516182
MMTAG2,0.44954785117600693
BRAP,3.943351058487063
HYPK,4.069223790019679
AKAP10,-0.6754033742803163
HAT1,-0.8486412130917405
PSEN1,0.3850717512794546
PPP6R3,-0.07095697157064151
RMI1,-0.18304814579835416
PCDHGC3,-0.20090898752958708
KMT2C,0.12995792857012312
GTSE1,-0.20163395661667405
DPF2,0.4761118873372787
PGM2L1,-0.2423751996178698
CIT,2.2232051574994873
IQGAP3,-0.16844321387483951
TCF3,-0.43644912593816265
HLA-B,0.7342562507954007
ESCO2,-0.7628950145337559
POP1,-0.5133068812843131
RABL6,2.575591458849005
AFF4,-0.4106227817803969
RPL32,-0.38790623319364315
ACD,0.07861310211982264
MBD2,2.0035042627846362
NSD2,-0.4732203749408672
PYGO2,0.43396196417429067
UBXN7,0.6897813348504709
SF3B1,3.1719451379066657
GINS2,0.4901559095337147
RPS27A,-0.22337486899935755
CTU2,-0.19825947675622402
DENND5B,-0.796119944288824
INTS3,-0.5683950592147156
RNPC3,-0.3224592961374153
LRBA,-0.2258912539780269
DCAF15,2.1834396156658284
MMGT1,-0.8288897680438518
FNBP1,0.2729775787582973
GPR65,-0.82608610589355
LSR,0.5363211440087108
PCDH9,-0.6335012165920233
MTFR1,-0.27760042234800153
GOLGA4,-0.6091515482155643
SPDL1,-0.43103648063453726
TARDBP,-0.40871509605112344
RAD51AP1,-0.2312456021990581
MLLT6,0.12336266278199837
MLLT1,0.7981943877334539
BUD13,-0.22676906810130149
SUZ12,0.6689030121068678
EIF2S2,-0.6878222952672548
SFSWAP,-0.40304070352207155
TMF1,3.7989336524017157
CCM2,-0.18006450388155848
CAST,-0.11691044752878099
POLA1,-0.2862361824063111
LIPE,-0.5744796935576293
RLF,0.44600051719690725
PML,0.1856014475009573
NSMCE2,-0.060141767609364294
PRKAA1,2.2204793098865103
SEPTIN7,0.7502615548785627
KIF3A,-0.43953842903702345
PITPNM2,-0.9498675027961427
UIMC1,2.2065882155338192
WAC,2.886320941515552
SLX4,-0.6453013215839825
NCAPG,3.6414341245793107
MREG,-0.7448254943681452
TRMT112,0.3394380970989257
MTM1,-0.16349316712867967
SMC5,1.0993590965032123
MTMR14,-0.3894008869523269
NCKIPSD,-0.12546707309841487
AKNA,-0.09635770321694892
TMEM184B,0.3486984150183261
INO80B,0.4010696372818394
NCF2,-0.4872253839517775
PLK1,-0.9901038792510652
ZKSCAN8,-0.5513454991496225
MTDH,1.8631527640858314
PRKAB2,-0.4115612515705802
MTMR4,0.08067121094048169
ASCC3,-0.17644396063701784
NDC1,-0.5994302825619453
PLEK,-0.025157858426652524
CPSF2,2.2010745710948054
CENPJ,-0.2297160698901628
CDAN1,-0.8755011857916442
UBE4B,2.6537247844157976
IQGAP1,2.108199397108115
VPS13B,1.495519428781976
CDC42EP3,-0.6138792914463025
STK11IP,-0.4009271400927812
STRN,0.9202725265926528
ZKSCAN1,-0.48920349627495163
NBEAL2,0.7825037651689577
RPS6KC1,-0.2757549181554282
NAGK,0.7644049797142971
CHAF1A,-0.2581727533042901
MTMR10,-0.9009151459771685
ZNF800,-1.0601717711113512
WDFY4,0.20085881155178775
BAG6,0.49821715920959253
EVI2B,-1.2459833551259356
SNIP1,-0.02048968114678651
RBL1,-0.11519482317923924
CDCA5,-0.898115519251304
DYNC1LI2,0.7778142752556594
WIPF2,0.11886221460977175
SLC35C2,-0.5620780582949436
DCP1B,3.104159231375289
DNAJB6,2.2210628667982917
PPIP5K1,0.6639231072780811
ZNRF2,2.303917660952778
CDR2,0.055674598505088824
NOM1,2.5056975263159567
FOXP1,-0.8390055822671574
FLOT1,-0.6560864114665659
TAB2,-0.7623496339713611
PLEKHO2,-0.007299034642051616
BIN2,-0.019941097564622368
ZNF654,-0.2883010611032013
MCRS1,0.04570388716675389
ZNF330,-0.4889759039165442
TGS1,0.7420791677573426
MTOR,-0.8882700074913705
UTP18,2.284715601848146
CCDC9,1.623173858665461
RNF214,0.08102215139928592
HMGCS1,-1.0691602634409403
PANK2,0.10419100184190988
SIT1,-0.8393427428085376
HECTD1,2.4273365895576777
KCTD5,-0.6238824158426066
NGDN,2.5125369019295407
PDE4A,0.2415705433709503
ZNF622,1.4125395525015199
BUB3,0.19425707668682968
JDP2,-0.0686801304527851
SUPT16H,-0.2263403383109086
SBF1,-0.23329356530889545
TIAM1,-0.33006942716491583
RAPGEF5,-1.208003393696261
LENG1,-0.10349246963232339
NFKBIE,0.15504066382770088
CSTF2T,0.21565155134461378
RPL34,-0.17787119785714012
SND1,-0.4872785959531267
TTLL12,-0.47789574133072144
PHLPP1,-0.42206618016591513
CYTIP,1.3763651415902505
CRTC2,-0.33745884287265504
CDC7,-0.5071542740060933
RAB11FIP1,0.09171215101187791
DIP2B,-0.7458930457849
METTL6,-0.3944559927483233
SDE2,0.12951191125907346
SUGT1,-0.6895081752308094
CNBP,-0.4695453310025144
TAOK1,1.8608017665276346
CBFA2T2,-0.44633864718502814
POLR2M,-0.7976063135834597
YY1AP1,1.9012320395037943
TSC22D4,0.19528416567702678
RANBP1,-0.8511050480955564
NUP210,-0.7067517040152058
CENPF,0.37331774362283987
TESK2,-0.35413145551508407
PPFIBP2,-0.44034613090032515
FLYWCH2,-0.4256814400508464
SNTB1,-0.10057017256592005
KDM2A,2.7107675145861077
UBAP1,-0.6847690950648273
CUSTOS,0.3432960622784691
CDKN2AIP,-0.3719159418846454
MCM8,0.15203663098571596
MTMR2,-0.1216650292441841
VPS13D,0.5422804133740433
ENO1,-0.3715005981719237
GRIPAP1,-0.12557241136410724
SLC9A1,-0.7843816101908825
ZNF335,-0.6303457427522119
LMNB2,1.964341265173993
ZNF395,-0.47342590417820496
HSPD1,-0.3325401379382482
ITGB1BP1,2.1939154456524177
TBRG4,-0.5483945433362951
KIF16B,0.01302335500991969
PWWP2A,4.354308445453462
STK10,3.870811654502293
TAF6,2.8437240934882437
MORC3,-0.4375876962184586
BRD9,-0.1620859160748438
FCHO1,0.06294363560867211
PPP1R7,4.58293735759577
NSMCE3,1.5852332570509633
HMGB1,-0.28435613348497046
ASPM,0.3944876347932009
BICRAL,0.3174764124680909
DDX28,-0.7244626259525386
VPS13C,-0.8481485617405138
YLPM1,-0.6304725175992232
ZNF367,1.7508644741697301
EXOC1,0.11203942189695049
LDHA,0.13382495391645222
TNFRSF17,-0.6930976187340443
NCF1B,0.5300190924529744
CXADR,-0.26175266892896154
PTPN11,0.27202885840436686
MYO5A,-0.17206195734786345
NAA30,-0.3587272434842763
CDV3,-0.29612107121795006
BCL2L13,2.1114820154055813
TRIM11,0.14705868403327305
LBH,0.15976862247800128
MBD1,-0.4482337552777196
TSC1,0.4126192457844411
USP6NL,-0.1945770212459701
CASC3,4.168068738173924
SLAIN2,-0.1553583681438262
FTSJ1,-0.7886874321346466
PRR12,1.5251847535698726
PGAM1,-0.33812026760127445
ZNF652,-0.1305773968362196
SUPT6H,3.269535597648966
CLNS1A,1.7617591004025934
ARNT,3.5729599852784144
ARFGAP3,0.6210367507783268
VPS72,-0.24050832383139742
BCL7C,0.10651808920079375
PKMYT1,-0.235934871516843
BRWD1,-0.5222562959768045
GPR18,-0.34952589996543715
ANKRD12,-0.016087548488277648
KMT2B,-0.15413462129467703
PPP4R3B,0.32709583377202556
WDR4,-0.19145930493013985
BMP2K,0.5699145786761353
RANGAP1,-0.31593824649542057
DDX10,1.5932373315555424
CSDE1,0.14355211570433113
FHOD1,0.12905680402361241
EFHD2,0.17542918816630682
DDX24,4.213921247028373
TFPT,-0.28543869775636566
EIF5,2.0216361795492075
CAMKK2,-0.7577164513536019
ITPRID2,2.2156934712550447
RRP12,3.2252883359438673
SBNO1,-0.9945064668515746
RUFY1,-0.00010702947432505994
C15ORF39,2.120587726174775
UNK,-0.3626210722793459
RBM7,-0.4628178872064517
PRPSAP2,-0.13343249687394554
OCIAD1,-0.2295328130622778
GGA3,-0.8555784026118101
ATXN10,-0.5716598551228964
NAV1,-0.49581155347583383
WRAP53,0.2082902605460033
BOP1,2.2093530674606097
EDC4,0.15432535650378298
NUP133,-0.2191077214806505
SENP3,0.3716355194812202
CHTF18,0.6502049868497775
ALKBH5,2.729593053708883
SKA3,-0.3678445904988257
ANP32B,3.9218862675779214
ARID2,0.13751263768831734
BCAS3,-0.6646606107984274
LZTS1,-0.2557353545246315
MBD4,3.370892833755387
ZMYM3,-0.6178444539730936
SRA1,-0.11530408253502156
ERC1,2.027272921917568
RAB6A,-0.033584048818763534
GPS1,1.4974096203662883
RBBP5,0.3046221385715011
CXORF38,3.9292366399529985
SLK,3.4529999141305536
RASSF1,-0.883231373036276
GTF3C1,3.6806244206750156
MED13,-0.4920324354621819
CEP57,-0.12462347594544188
USP42,0.19242701332755274
PACS1,-0.1680005434390477
ATP2B1,0.6041446241422976
RGCC,-1.0091377969540822
WDR3,0.6710179770226858
SDAD1,-0.2709406672756671
FAF1,0.02832590858168693
PFAS,-0.14498820627616027
NEK2,-0.2943719934528808
SEPSECS,0.015411072020960148
STAMBPL1,0.4787341028708738
PRPF3,-0.3759794668498042
RLIM,0.16812036901592364
LRRFIP2,0.6168453714468818
USP13,0.15725935690360515
DARS1,-0.5518161838222833
RAD9A,1.334417572356025
SNX2,-0.1298826854151658
ZC3H12A,-0.3766908198894132
CCNY,-0.7691357684034505
AMFR,0.17924418149049615
RELB,0.12920826345311287
KDM3A,-0.23217469367277133
TNRC18,0.6197892322894605
LMBRD2,-0.3214665947662887
ARHGEF1,0.22663489477094156
UVRAG,-0.742943390413684
EGLN1,0.1361798602379718
CENPO,0.22426330271284733
ARHGEF2,-0.355396268054994
REST,-0.12390634364013664
MDP1,0.6074608074497503
MIS18BP1,-0.016159767646112932
CHD8,-0.23858331713377368
EHMT1,-0.23360988548106754
CAMSAP1,0.6018275948368652
SHC1,0.08002967116479986
R3HDM2,-0.6101056505566991
TAF7,-0.0392600570662438
PRKDC,-0.2764777785082444
UNKL,-1.000712933850778
NF2,1.676779682071757
FANCE,-0.5462342625968564
EXOC4,-0.34173424714481815
CCDC82,1.2539562561059583
NEURL4,0.5031239008187312
LPXN,0.30513394078568723
UPF1,1.3960077211860442
AIMP1,-0.13398521507161654
SCAF11,1.1175975520486325
VPS4B,3.562568689542659
MEF2D,0.4328131492386973
HP1BP3,-0.11130605592453513
USP45,0.02075547387767962
KIFAP3,-0.756345894903804
PLRG1,-0.37002575067664356
CALCOCO2,-0.17681671351249673
RNF168,0.5519071813914191
WNK1,0.18585105094295074
AHDC1,-0.5782689324407837
TK1,-0.4980733075817465
RPL27A,-0.2697179643796188
TNRC6A,0.2501306863282178
MYEF2,0.08132048446869433
DNTTIP1,2.5284600674857307
RIPOR2,-0.33026471359645804
POLDIP3,-0.8720877009249293
RAB7A,-0.7752027273543316
ANKIB1,1.7745627077381938
SP140,-0.007417593945636014
TMEM238,-0.6737564605766764
CEP131,-0.1346391291503224
SMN1,-0.2031391370929141
PINX1,-0.465061507906281
ILF2,-0.5286788881182929
PRKD2,-0.23984016649291817
PCIF1,-0.6119915059577128
MLLT3,-0.8628637365228329
USP11,-0.20927624986098614
SMG9,3.026437086452665
AFTPH,2.0105425637975225
KIF20B,-0.3551672907052046
APPL1,-0.1725642216297052
TRAPPC12,0.8044723099071662
EPN1,0.339920783621217
ATP11C,-0.44721838076118914
FBXW11,2.547225740672423
CCDC97,2.5062679934386747
ZC3H12D,0.5124225357481613
OGA,-0.016092600505720256
BIRC2,-0.3018701325141109
TRA2B,2.55413668628277
GPCPD1,0.15740840721502192
RNF34,-0.009157990390691317
HIVEP2,-0.10767720665428726
C19ORF47,0.7541691692555315
ASF1B,-0.8245425238457882
CEP85,0.0059364298333601795
EEPD1,-0.6654476248350107
RUNX3,-0.4404362040765051
GON4L,-0.26494131274816546
STRN3,-0.5346596694000558
PPIL4,-0.11637306383553447
MAP2,0.3896675482253702
FOXK2,1.081664000138896
FBXO42,3.0028648896031767
TOR1AIP1,0.7561864656681765
PAN2,1.8854823742578528
GSS,-0.5249008690285439
MYO9A,0.3719204064431292
ZFYVE16,-0.5206585085678972
ZDHHC20,-0.9360471573898312
P2RY8,-0.1656165995124308
KDM3B,0.07163557009714339
EZR,-0.4992575992403836
CEP72,-0.21760711786055076
SEPTIN9,1.0873662471174832
PAGR1,-0.06307807268654031
YEATS4,-0.8759602136003366
PAPOLG,0.1207942135317861
HASPIN,0.18921510177019396
GPRIN3,-0.05856553095313011
PRKAR2A,1.174372075343869
PLEKHM1,-0.769301856571774
CDC23,-0.7365859059897151
CUL3,-0.8088581393473575
SRF,-0.3279293187645864
ZDHHC14,-0.4176896823299412
H4-16,-0.27064251948760276
CDK18,-0.703512941178019
RING1,0.35594282123233256
INTS12,0.11600299302081218
CGGBP1,-0.024974227022283024
EPC1,-0.41190938370254493
HARS2,0.20310252966717002
MARK2,-0.17318519523503717
PRKCQ,-0.431355295976088
CEP41,0.6700088339800487
GPATCH2L,0.9549866663090638
MASTL,-0.751978553306559
TP53BP2,3.0792395314800833
GIT1,0.43115682367125885
SEC24B,-0.8550200059158222
ANKRD11,-0.7157151452504982
PXN,0.6122439943341824
HADHA,-0.7835467234060163
ING5,3.3449842900646223
ANKZF1,-0.8766010470836125
SP4,-0.1976764687534942
RABGAP1,3.5424121827215553
PNKP,0.6231555033211844
VAC14,0.8345921615249008
PDE4DIP,0.4049442333221487
USP7,2.12960187204214
RPS8,-0.5234191377185047
ZNF296,-0.6664206269435784
SMARCAL1,0.4510540711304545
GOLGA3,1.979834974414521
MIB2,0.19273752206359696
MEF2A,-0.49819566491503764
NAPRT,-0.5819865207592416
ICE2,-0.4424829493595084
PLEKHG2,-0.3511637638745917
CUL4B,0.9919202622173309
CYLD,-0.1456483566854203
ACTB,-0.5569786062333879
RESF1,-0.6639844806896322
RPS28,2.639266362330881
MIEF1,-0.21221790710429644
EAF2,0.6593471858412219
BTK,-0.20854501646843904
DDX55,1.564420857440881
PPP1R13L,-0.10616626646641691
HIRA,0.3822067719376703
HIPK1,0.9207472817763831
DHX16,3.207107672158939
RBL2,0.4465943684477116
MLLT10,-0.26086063319126485
CDK5RAP2,-0.37608148370406447
ZNF768,-0.1331411820843007
CSF2RB,0.08172145626946659
KLF12,-0.08565606514148616
LCOR,-0.4769265594096401
ID2,0.14821317949690993
RRN3,-0.6088487509666045
PTCD3,0.721534807905285
RELCH,-0.5726226698836774
DNAJC6,1.2534983561337212
OXR1,1.689102647637129
COA5,-0.16927901452407745
CHERP,0.33251513291272605
CDKAL1,0.004211981544455234
ITPKB,0.8464520718108286
SRSF3,0.7630834781199143
LIN37,1.6177672490977777
RNASEH2C,0.06681366914766329
SCIMP,-0.5168531284389895
HDAC9,-0.49910407852327054
ATM,-0.17084003647901191
HS1BP3,0.015481412614350987
NEK4,-0.2582445649420828
MAP3K5,-1.0100949788463458
GMEB2,-0.2575665949514967
ZDBF2,-0.1085200282881793
FBXO28,0.03159191223669211
LATS1,-0.3303612969252363
NFYA,0.23962687137294747
FAM13B,-0.29109488872850164
TBC1D14,2.4034333869494455
TBC1D15,0.6399738338772041
BCL7A,0.10130784196912046
NPIPB11,3.426581319705667
MCM7,-0.3450128086959827
PCNT,1.7637126557100267
OFD1,-0.24293753613626823
ARHGAP30,4.043757702165365
PHKB,0.6435991782657782
KCTD1,-0.33534283111677876
WASHC2A,0.19878691175606011
MINK1,-0.49562794410571787
THOC2,-0.8975005548079418
CEP97,0.19871376989179712
GPSM2,-0.02141584353106829
GMIP,1.800420544555811
PGRMC1,1.2502372837959834
PTK2,0.01933904372164097
BICRA,-0.0848376790294747
EIF2AK1,-0.1427076869483468
TXNDC9,-0.4983340777711831
ADAM19,-0.10797940685920171
PPA1,-0.37265286442774226
PRPF6,-0.20198580199177307
CIR1,0.25367996137224136
EIF3J,3.033296727286346
HSPA8,-0.6849644388230329
TCF4,-0.1219331667695478
BET1L,0.4378011861871274
ZFP64,-0.06494480740577568
PABPC1,-0.4914530973761071
WWC3,-0.47217598841162367
CNR2,2.5053395173996806
KNOP1,-0.47454127696098425
HSPA4L,-0.6838006067280888
CEBPZ,4.222536240614321
DDHD1,0.18211502874278285
EEF1B2,0.7458472022723104
RAI1,-0.3083021653028535
ANKS6,-0.28721653913002143
PHF8,0.8879910983623036
ZNHIT6,-0.08910210944965158
CERS4,1.0717526551265486
TMEM201,-0.4909727285309007
LEMD3,0.16498838468623678
SNRK,-0.8872822361856398
SCNM1,0.39783566753453403
ZGRF1,-1.143066370848282
CFAP97,-0.38971190503313835
QSER1,-0.4920657054013091
TXLNB,0.8831478134092583
GAREM1,0.5501417226523353
PPP6R2,-0.20069778502469404
ERBIN,-0.74921963199548
MAP3K21,0.11357985542650528
SFR1,-0.39913957802405875
PANK1,-0.900821205070029
RPL30,3.100851766037839
IGF2R,-0.22458069079909748
RACGAP1,-0.9981328060716894
FANCA,0.12360413244575152
MED15,-0.6427410872376331
C9ORF16,0.23316118523739782
ETAA1,-0.31303257186109334
TRMT1L,-0.6549832315577087
FOXP4,-0.5423515035792743
STAT3,-0.37370485334048276
AGPS,-0.2671338395454548
ZNF280C,-0.1272062218291783
RPL17,-0.17221403544571245
POM121,0.2105293502784491
TBL1XR1,-0.268105589946126
PSMG1,-0.5499336979280631
RAD54L,-0.64843109134
USP9X,2.3919165037291448
CLK3,-0.06958400564983336
GCFC2,0.07076421145820966
SPECC1,0.3529772467399157
MEX3C,-0.2194729197486982
PAN3,0.08763981093545237
CARD11,-0.9697555777137783
MED26,-0.6361436325932059
MAP1A,-0.13925269429665033
ESYT2,-0.5996812954741575
KIF24,-0.2132546226433334
UHRF1,3.904717587610641
STK11,-0.016792320804070116
ATP7A,-0.010090483862511768
LSM11,0.773832484456662
SNX5,-0.14636382533253833
GIGYF1,-0.4070406526865895
DHX29,-0.8795887232924331
SREBF2,-0.2255285556629154
FLNB,-0.7338862041065033
SPAG1,-0.49428697967990765
STOML2,0.6627516013296644
SHCBP1,-0.508314696922751
TAF9B,-0.3130335288099353
PLCG2,-0.04471101861010496
RGS19,-0.24089233320141634
FGD3,-0.13399638886856824
FRMD8,0.02669395015842113
BRF2,-0.573549554077065
NTHL1,-0.12906551566960722
RBM8A,3.0606723842999637
SPINDOC,0.14115961647076603
ATP6V0A2,0.8463942516662355
TNIP1,-0.5612818135238484
HERPUD1,-0.857309874824054
ZFYVE19,1.877661547468091
PNPLA2,-0.6657231386362401
GARRE1,-0.5267427855582056
COPRS,3.397027137982242
ATP10D,-1.0635059764148922
RWDD2B,-1.3310429970115614
EIF3B,-0.7154863868709986
HNRNPDL,-0.2786379414244191
CD83,-1.092856516608216
CCDC130,-0.5103863520061083
NFATC1,-0.04700493684057605
CEP350,-0.5364633568122095
ATG13,-0.6628836103298683
STK38,-0.6547291833640987
SLAMF6,-0.26311168208893054
LPIN2,-0.1122236885167176
FBXL20,-0.43814655230805055
JPT2,-0.35833816762568294
GPBP1L1,-1.0557534774023551
ZRSR2,1.4799645107150479
RUNX2,-0.6604206221343532
ATAD2B,-0.5723981690987987
INVS,-0.1515206914436522
SCAMP2,0.24939122309815875
DTX1,-0.5224761025438136
ATG9A,0.7974045457296359
RCC2,1.7533232634255587
PTDSS2,0.25830438350722495
SH2B2,4.0376544574657425
KIAA1549L,0.9670891574735201
TOM1,-0.00246382719751459
APBB2,0.2609349526277098
LYL1,0.33117635940748613
LNPK,-0.7483299493733675
KATNIP,-0.4258924040194918
CCNB2,1.6341835784578835
TOB2,0.6247532519130212
ELF2,-0.7185588318550593
WWP2,2.5817043622535447
BCLAF3,1.4387829447143758
MAD1L1,-0.3790856048217517
SUDS3,1.5032651828442445
DCAF10,-0.05058779229276045
MAP4K2,0.2751872743473145
TSPYL1,-0.094521488639141
PPFIA3,-0.6473877567252719
SENP6,1.3773299082736115
SUFU,-0.3486110269292224
SIRT1,1.2078915812623974
SMG7,0.28153782280556605
AP1AR,-0.13151352701377306
TFE3,-0.04382896120459634
BCL9,-0.5072443302368983
SART1,-0.18572264982293252
SMARCD2,-0.8690195208127154
BCR,0.03575179477634549
ZNF579,-0.8129116886303454
ALS2,-0.5047874618746766
GCC1,0.5964787129725737
TRA2A,0.44099451079939733
PELO,0.5126228700114339
EIF4EBP3,0.17816027273255397
ZNF280D,-0.18831655909069056
PCLAF,0.012028422802353056
RAVER1,-0.6081848302688231
ITGB7,0.668708146656054
DDA1,-0.49570622886735993
XBP1,1.3198284040488675
SETD1B,-0.04871943634484843
RPS3A,2.2860106357605643
TAGAP,-0.2693719175060245
ZBTB16,-0.5031073764116947
XPO1,-0.350970086058922
KIAA1109,-0.9615373313676967
NME2P1,0.9357068834703766
NUDT5,-0.6094724534712963
DR1,0.40518999115028453
TRIP11,-0.3769168301987502
DYNC1H1,-0.5967576447501024
CMIP,-0.17868226358633432
XRN1,0.26407624531260776
SSR3,0.11308795214957446
NEIL1,-0.5161534821538254
BRWD3,0.033676052872971596
PCLO,-0.5275891029260302
MAFK,0.1977704877377482
AFF2,-0.14871610390346124
MLH3,-0.6044304109705143
KIF23,-0.3606390475229393
SLC4A2,1.8037456426434222
ARIH2,0.6002934536014273
NUP93,2.0554566720323804
TFG,-0.09432386779273294
DGKD,-0.4562222474451447
TMEM245,-0.5147751883541964
OSBPL7,-0.2258284110154518
PFDN4,0.4099572412681205
KIF13B,-0.10826494346777338
BACH1,-0.1975139414628746
SP3,-0.10434228874076101
CSNK1G3,-0.40396240344830314
CCDC34,0.49606125813935265
CREM,-0.11058564552249717
SP2,-0.6865692980419835
TAF15,0.15780243531337845
SORBS3,0.812567734584559
SPRED2,2.200502528523695
SNRPGP15,0.2713050730680484
DDX46,0.39595597421454976
ELK3,0.0822163209317548
EIF3M,0.32895833611227054
TRIM25,0.02743229830230387
WTAP,1.1319311926434468
ACTN4,-0.2499221527144151
TNK2,0.09605407753190409
MNX1,2.021686663759862
ZEB1,0.03518381927803915
RASSF6,1.1525256648968174
TRAK1,-0.359715626721524
MEF2B,-0.07547276682365123
PTOV1,1.9671815266756436
CREBZF,0.2542115848824098
RAB12,-0.28003452921329064
EIF4E2,1.8928593530236988
ANKLE1,-0.24315012300835015
BMS1,3.011947450544903
HERC2,1.0915102861822596
NCOA5,0.05743449038009629
SH2B1,-0.5131433670111223
PDLIM2,-0.12239699011761207
MINDY2,-0.05854272834731411
RPRD1A,0.09140187690877521
CTNNBL1,0.2605167838058531
FCHO2,-0.3928024870204272
CLTA,-0.6757266677925591
CDC42BPG,0.4376979502818097
ZDHHC18,-0.3993634072188348
MAST4,-0.5882100155784755
CCZ1B,0.05862300468653281
SYNJ1,-0.4419346252887255
ODF2,-0.5242456572631884
ARMCX3,0.4263385353043798
TRAPPC8,-0.27907098086456017
WDR55,3.4440208621098267
KCNQ5,-0.6291509559888881
ABRAXAS1,0.03418204396451063
ASAP1,-0.12248202121347429
PRKCE,-0.6355359920294772
NCKAP5L,0.2944087122148318
FANCD2,3.1345870921094843
WASHC2C,0.08197793236362116
TTC9,-0.2891230047246136
BORCS7,1.2575259267373617
RAD50,0.11731382515693412
STAG2,0.15195289107307097
CABIN1,1.6176750384740037
CENPL,0.011234779086107594
RUNDC1,-0.6352346788145322
TBCC,-0.2654551695408358
UBR1,0.5940298015970296
SLC3A2,-0.777232190855857
CABLES1,0.13468012698687293
RIMS3,0.4610597095806588
TOMM20,2.247887844813067
MED23,-0.09642480377640528
COBLL1,-0.22677740383058875
NUMB,-0.34536103220226355
PHF10,2.898569808324228
DDX39A,-0.1772522629061415
RELL1,-0.3801324016034755
CLDN12,-0.27808855996705883
ZZEF1,-0.37785987676945165
FAM117A,-0.422681012957729
PRPF38B,3.4546793728786733
ZNF428,0.3831376775430346
VAPA,-0.8045096706046007
HIC2,-0.22559861623865451
TOX4,0.4842493618006767
SMAD5,-0.3451947933638184
SLC23A2,0.5686058652623442
MIGA2,-0.8121568463817734
ACTR8,0.36734453011051293
CNNM3,-0.07319535150803347
SSBP3,0.2793619231732256
EEF1G,-0.4998558930051198
SEC14L1,-0.060772050158709234
ETV6,1.0679273566587533
MIA3,0.31747262615451977
ASF1A,-0.20092370220633793
WDR24,-0.4642899073304543
BLOC1S3,1.8979024144077155
HDAC4,-0.5470437192873012
INTS1,2.9186780530633394
SETD1A,0.7979699107820801
CRK,0.33732640713521445
MELK,0.5538825971581414
RCOR1,2.5845608643740654
COG4,-0.3620590923470077
TONSL,-0.16094007921634557
INTS5,-0.6825315889158734
PDIA6,0.8348824564953272
OSBPL10,0.12801363861458448
BCKDK,1.4224325613566426
SYNCRIP,-0.1648976271124898
ULK1,-1.094138855831079
CNOT4,0.6166778989988675
PLEKHF2,-0.7835451629603094
DHX34,1.3703158579913328
SESN2,0.8730132436065601
LARS1,-0.2627061482235655
SNAP23,-0.8732105995976935
PRMT3,1.5655713341344661
CEP89,-0.5376858063841468
MOCS2,-0.3398668239836944
KIAA1958,-0.14681585068666436
TACC1,0.026206560665936962
ZNF574,-0.9402262876003995
TRIP10,0.8549945173423481
CLN6,-0.29893215613424484
ENTR1,0.6285348821494567
MAP4K1,0.5180385667929484
KAT5,1.0739808515896554
AGGF1,-1.0291617168797353
DCAF6,0.3398256849069039
DUS3L,0.03877599749337168
PLK4,-0.4984714401452113
COMMD10,-0.4614374460506747
CD19,1.3305864952740123
HEATR1,-0.5123656879416352
OTUB1,0.606236815423344
CNGB3,0.18628338150290613
CNTROB,-0.34653960024967123
IRF8,1.9259646950026914
MTHFD1L,-0.47976069136187505
ARAF,1.495573913234188
HSPA9,0.02674669375042793
MTBP,-1.427744006465871
PNPLA6,-0.5476380467796824
CHMP5,-0.27527466098761355
RCOR3,2.314573058309981
MYG1,0.08402206870591655
CEP164,0.3740798719274654
KLF16,0.6977415763301416
ALMS1,-0.405526548302519
HLA-DOB,-0.4517795988462616
PEAK1,-0.087033191245105
EXO1,-0.28914717051975636
BRCA2,-0.6413607871666542
PKN2,-0.1040137151526368
AP4E1,-0.6009673944841332
MRPS17,0.6662381550669627
NEDD4L,-0.5428346050402837
YOD1,0.30823537669987466
SETDB2,-0.09374506788377257
TRMT1,0.3704246901246293
CRKL,-0.2383549489191612
ARMC10,1.129064281203748
RFX3,-0.5733409510501755
PEX19,1.2024605001346398
LMBRD1,1.3051292316500493
MACO1,-0.7547753733005322
KIAA2026,0.33922735442149143
CENPN,-0.009553606931727465
CNTRL,-0.28547107191071674
RMC1,-0.5091686908468267
ZFP36L2,0.14651111417230211
SEPHS1,-0.2503952268258507
PTPRA,-0.8943361028355712
FANCI,0.4660580429257344
PRKCG,-0.42498021263943286
LIME1,0.595064119389308
YTHDF1,-0.1906729914666494
OGT,-0.8072952541339964
MSL2,-0.2810389666297013
HOMEZ,-0.10516652409190286
DGKI,-0.13625799340721123
MICAL1,-0.11756394330052977
N4BP3,-0.22909631641426564
UBL4A,-0.7074014513140128
TUT4,1.9668138822496122
LILRB1,-0.8711862548585492
TOR4A,-0.3226471943983613
FAM76B,-0.596982996635651
C14ORF93,-0.2987627254879097
CABLES2,-0.22842119274484673
NCOA6,-0.1986258266064187
DESI1,-0.9390922127371635
TMEM131,-1.224034175899087
PPP1R11,0.24222729019426215
NMD3,2.5060648678908155
GSTP1,-0.21057263795824355
QKI,0.01733488668518124
SSR1,-0.9295458649277561
SNX29,0.3830470743518166
KPNA4,2.7247454024224873
EEF1A1,-0.9313825300201453
SCLT1,0.3132844010263156
FAM160A2,0.3446886683145447
TKT,0.07074961632587584
UVSSA,1.979451718039428
BIRC6,1.724326826279265
KDM5A,-0.5831472731666665
ATF2,-0.609119056404686
PIK3C2A,-0.05368915683024422
SYK,0.33166081313639406
PRKCI,-0.7390548395155605
TBL3,-0.24533341928999164
ARAP1,-0.12230785150540768
NBR1,-0.4879156328220109
SETD5,-0.6511356631905754
PIP4P1,-0.2538094064854537
SMAP,0.8271677339924652
ALYREF,-0.12924556145534272
TBC1D9B,0.8900488948050658
RAB5B,-0.8134072775898709
CCDC93,0.16075027385072982
RSBN1L,-0.4951037292250131
CKAP5,1.411729928539942
ASMTL,0.8366682287661344
RNF25,0.04184531626629351
SEC62,2.556787691660202
TAF4,0.06724448292924823
CLUH,2.580611325410577
FAM83G,-0.09957440341550416
RALGAPB,-0.05346889925817422
PAF1,-0.31498523908038756
CRAMP1,0.2071860789877693
EIF2D,-0.09271935791286978
GADD45GIP1,-0.18261227593763607
FBRSL1,-0.4427406709760717
CUX2,-0.2464319247534661
MPP6,-0.005739931275989818
LYSMD2,-0.3309599156753782
CEP295,-0.641345904778369
SNX15,-0.19997235922123924
CCDC15,-0.5651956291059292
PDZD8,-1.0342062271078936
PATZ1,-0.4399194962816999
METTL1,-0.4790116689046364
DYRK2,-0.6204498726113519
SPICE1,-0.23087949878037595
PUF60,0.011873023444794129
PGLS,-0.1493874937156754
SIK2,-0.6107194457410214
MSANTD2,-0.34202250366210585
REL,-0.2654892340968189
TRIOBP,-0.2513061029645929
SRSF5,-0.21008146578526254
BAHD1,-0.35746614005017463
CAMK4,0.10619107601781863
CEBPB,-0.15898216407044075
STAT5A,-0.2575164523304272
MAP3K11,-0.12205866657341602
HINT1,-0.5810714518187545
MPLKIP,1.1681427556867643
ZBTB2,-0.024018133313528978
BRPF1,0.18568288766366514
KRBA1,-0.4964851475482268
HMCES,-0.34663606882026254
CSE1L,-0.657185837733187
STAP1,-0.7519611158334731
MLX,-0.07376636506682743
PEX11B,-0.4899513625524339
ATG4B,-0.469391610863382
ITPR1,1.9488927865005743
CEP95,-0.15444596671362731
P56182,2.2597579882760597
Q6ICG6,-1.1910725874506678
Q9NSV4,-0.6086352836503615
Q96RQ1,-0.7196831343597143
Q2NL67,0.2704583496418529
P42575,-0.08252113131748295
MAT2B,-0.5280772790752413
Q8IUC4,-0.8299850738114785
Q8WXW3,-0.29472766774664017
Q14807,1.1873220186170075
Q6PJ61,-0.46185647045185263
Q68DQ2,-0.30994708348274713
Q9NX31,0.21292915687949332
Q8NFA0,2.947948343156627
P14866,0.3109465325969385
O95772,-0.42186892219657324
O15534,-0.893907575170342
Q8WXA9,0.07046996317060916
Q9NRJ4,-0.47526507937412354
O00139,-0.43469806951390666
Q02040,4.237619475884247
Q5TKA1,-0.5405821795191059
P62750,-0.4758853694731311
Q96MH2,0.7642119522808555
Q13489,0.5600653032219158
Q9NS73,0.31829140303566383
Q9NP72,-0.9547435751301645
Q6P996,3.8339560402262265
P41229,0.19037108277338177
Q99996,1.3926257016883286
P25024,-1.4370621260209644
O14641,1.0063678761243988
Q16649,-0.15356833101922351
Q14152,1.8185222136251857
O75940,-0.42492330597317896
Q9BZV1,0.6664494061794999
Q09019,0.27275757749218954
Q9H7Z6,-0.6920297433941727
Q9H6A9,-0.8168180718943967
Q9Y450,-0.02943195106600971
Q9Y4P8,0.019403048637855136
Q15020,0.018519452898084765
Q12893,-0.6204001144408435
SHOX2,-0.7376277236740028
O60237,0.004237254448205441
Q92616,-0.1732673646543068
Q7Z7F0,0.23536475723357597
Q96SU4,0.23670330983907117
P53621,0.5162685481121319
Q2TBE0,0.2766095740149792
Q8WUM4,-0.45943304488239445
Q6Q0C0,-0.09471199344527825
O75496,-0.20770683683680335
Q9NZ71,-0.26589865008617686
Q15040,-0.2677276339192245
AQR,-0.5356459274470269
Q96F24,0.41222265510143963
Q9Y546,-0.2999328107411312
P78364,-0.5170898482723629
Q9Y217,-0.059101220394222054
Q8TEA7,-0.505063968460493
Q9Y468,-0.4333814715411055
Q13813,-0.43516700585260093
SBNO2,-0.05743366311250808
P62826,-0.7998932654513444
Q8NG08,-0.331933129361925
Q99550,-0.0640695332767729
ATG16L1,0.002204683214324099
O95793,-0.7390202704796058
Q99569,0.10379505164330993
Q8WZ73,-0.04480012878150319
Q86T90,-0.18363037876183252
Q969X0,0.46277246613324863
O75131,1.033069619553582
Q96AV8,0.9890217552262177
MYBL2,-0.6029717439568154
Q6ZU35,-0.405481607481045
Q96DA6,-0.36298614956907116
Q8NEZ5,-0.27485452833164725
Q9HCD6,-0.759815813542482
P61160,-0.5946661755068501
SAP30,-0.04359116666233298
Q9UPT6,-0.3925777216535229
P51812,1.149409810519761
Q8IX21,-0.6678926711002475
Q8N111,-0.8577492024810818
Q93074,-0.6751835683646918
O76080,1.190234300190248
Q14207,2.4900704525264263
P40692,3.1052368652416753
Q9BTL4,-0.20917230234274253
Q3ZCQ8,1.0616428564606295
Q9NP87,-0.11717494780024929
Q9Y2X0,-0.7200055941329486
P20645,0.5875227784752797
HERC1,-0.0821993278270039
O94953,-0.03843608866420656
O14647,-0.5002719871684036
P41162,-0.31599406040779154
Q9NVU0,1.2881563346197575
A6NKF1,1.8285149318756897
O75081,0.4852796151838401
Q6VN20,0.9962624513860616
Q5T2T1,-0.1885234010850798
Q15834,1.3805803949005684
O14559,-0.6582149165463047
Q8NC44,2.6539569467157094
Q658Y4,-0.4178225267919009
Q9UPW0,0.8661036842699534
Q9UP95,3.106125733824152
Q6ZW49,1.4562527432423291
Q9UBH6,0.13996705665265807
O60828,-0.7210452864991241
Q13895,0.7096568381582475
P08069,-0.48234186825389536
Q99873,-0.45651813051304746
Q10570,-0.022970070495354378
Q96MX3,-1.0094257069574457
Q5T1V6,0.24388572088231886
O95429,2.633677011693578
Q96FV9,1.2016795082653715
Q9H3S7,-0.17965775873451495
Q9HC52,0.4195439796082079
Q15555,1.4970361351943628
Q9H6R4,0.2108720456854538
Q9NRY5,-0.5747287113273698
P48454,0.08118771659774016
Q13574,0.4147319341647231
Q8N344,0.7596864327639619
P12694,1.0494368894613686
P07737,-0.1276734464567344
Q99747,-0.11977976167834559
Q5T2D3,1.7721290773571328
P01903,-1.1038527846915471
A7XYQ1,-0.1692013639293135
P57764,0.16062389058979054
P20916,-0.7603556717371456
P30304,0.29207076765247564
Q96L73,-0.33647241056997235
P06241,1.4259399241509296
Q9UIL8,-0.11915474450082097
Q9BWH6,-0.5712840604345777
Q96C12,-0.0017553312397780019
Q96FH0,0.18669353083790075
Q9H000,-0.5121892089860092
Q8N960,-0.3021701180937457
Q8IV03,-1.1386779052321332
Q9H9E1,-0.5613491387280742
Q9BR61,-0.3306873318639134
Q96RV3,-0.1976915881886523
Q9NRR5,-0.657613503968494
Q8N954,-0.17202597456843183
Q9NVP1,-0.3099095331343289
Q9Y5P4,-0.5172592505467115
Q07020,-1.0503342067198265
O75478,0.11445497770074198
Q68D20,2.4286261640672064
O15211,-0.3384214142987787
Q8NBZ0,-0.08293725352002745
O60336,0.052803165825253906
Q96FV2,0.37967970178413335
P49760,2.141118657080203
O60281,-1.01542021081982
DCTN1,-0.8335691754827943
O43521,0.09273827384856137
Q5JSJ4,-0.7848522820244277
P15927,-0.09969416421306843
Q92917,0.15122981873544017
Q13310,-0.6939289785595886
P22670,0.3458388988954262
O00442,-0.3738935887730701
Q6IA86,-0.8834990358254569
Q9Y4D8,0.47340313047671145
Q9H223,-0.5483419862774523
Q9BWL3,-0.6461405847502206
P0C2L3,-0.8347250821117811
Q9BQE9,1.0004761786158562
Q96SI9,-0.6412770487074404
Q9Y2D8,-0.5265177028511614
P31942,-0.5141175153848527
P21675,-0.07213685214678023
Q15633,-0.1884441170702562
Q96A73,0.5858399134809709
P19419,0.3984560985786896
P25787,-0.19196480406675498
Q6P1J9,0.02228566716226421
O14978,-0.3446167207923283
P22674,-0.1757677963650215
Q6UX04,0.06660862143820445
Q5T7W7,-0.4802065668548705
Q9NVT9,-0.19753721911689848
O95433,-0.4515761271013776
Q96ER3,1.4511178199796064
Q9UQB8,-0.34658109573828266
Q9Y679,-0.4215837685966459
Q70E73,-0.760239611895055
A0JLT2,0.6611483329740979
O60296,-0.5200184156153029
