Pathway name,Uniquegenes,Uniquemetabol.,Geneexpression,Geneexpression(FDR BH),Proteomics,Proteomics(FDR BH),Proteomics,Proteomics(FDR BH),Combined pValue(Fisher),Combined pValue(Fisher)[FDR BH]
Glycolysis / Gluconeogenesis,48,,0.000000121582,0.0000417028,0.006310075,0.427823096,0.006310075,0.427823096,0.0000000168693,0.00000578617
Carbon metabolism,97,,0.0000362161,0.004502419,0.002414597,0.272849496,0.002414597,0.272849496,0.00000150866,0.00019752
Biosynthesis of amino acids,65,,0.00016647,0.009516538,0.000740607,0.251065661,0.000740607,0.251065661,0.00000208466,0.00019752
Steroid biosynthesis,19,,0.0000632578,0.005424354,0.103868574,0.940200235,0.103868574,0.940200235,0.0000849757,0.005829332
Pentose phosphate pathway,26,,0.000915484,0.03925136,0.03000125,0.80993515,0.03000125,0.80993515,0.000315926,0.01806042
Systemic lupus erythematosus,87,,0.0000393798,0.004502419,0.926953476,1,0.926953476,1,0.000409497,0.020065352
HIF-1 signaling pathway,85,,0.000495277,0.024268552,0.312874296,1,0.312874296,1,0.001514316,0.06492631
Galactose metabolism,24,,0.006747371,0.192862342,0.03000125,0.80993515,0.03000125,0.80993515,0.001924117,0.073330233
Fructose and mannose metabolism,29,,0.029045734,0.321376989,0.010941372,0.529875026,0.010941372,0.529875026,0.002877391,0.098694502
Starch and sucrose metabolism,23,,0.085520337,0.480876651,0.008019386,0.453095328,0.008019386,0.453095328,0.005681951,0.176828829
Apelin signaling pathway,96,,0.129396487,0.625112608,0.005838965,0.427823096,0.005838965,0.427823096,0.006186431,0.176828829
Ferroptosis,33,,0.002299562,0.087638857,0.370283722,1,0.370283722,1,0.006870269,0.181269397
Alcoholism,126,,0.012356025,0.253717234,0.10534968,0.940200235,0.10534968,0.940200235,0.009950326,0.2303127
Peroxisome,67,,0.009428078,0.226550091,0.140010866,0.940200235,0.140010866,0.940200235,0.010071984,0.2303127
Biosynthesis of unsaturated fatty acids,22,,0.025910409,0.316914195,0.103868574,0.940200235,0.103868574,0.940200235,0.018617555,0.399113829
Graft-versus-host disease,29,,0.003280834,0.102302383,0.961590187,1,0.961590187,1,0.021322862,0.414465905
Autoimmune thyroid disease,28,,0.003280834,0.102302383,0.984264636,1,0.984264636,1,0.021750397,0.414465905
"Glycine, serine and threonine metabolism",27,,0.167217661,0.71694572,0.02144579,0.772228311,0.02144579,0.772228311,0.023778401,0.429262716
"Valine, leucine and isoleucine degradation",41,,0.031097152,0.323221913,0.122672232,0.940200235,0.122672232,0.940200235,0.025058675,0.429756272
p53 signaling pathway,65,,0.286376675,0.88511458,0.015985744,0.677395922,0.015985744,0.677395922,0.029237065,0.477538736
Folate biosynthesis,15,,0.012574907,0.253717234,0.404978323,1,0.404978323,1,0.031981172,0.498615543
Tuberculosis,125,,0.080120104,0.480876651,0.067754113,0.940200235,0.067754113,0.940200235,0.033743883,0.503223999
Renin secretion,36,,0.050976001,0.406656214,0.121963247,0.940200235,0.121963247,0.940200235,0.037803277,0.523067649
PPAR signaling pathway,41,,0.050122877,0.406656214,0.125301707,0.940200235,0.125301707,0.940200235,0.038124464,0.523067649
Neutrophil extracellular trap formation,130,,0.009907438,0.226550091,0.714335863,1,0.714335863,1,0.042115737,0.531910811
Type I diabetes mellitus,31,,0.007772252,0.20506787,0.923812892,1,0.923812892,1,0.042624278,0.531910811
Fatty acid metabolism,47,,0.024389326,0.316914195,0.301030367,1,0.301030367,1,0.043421291,0.531910811
Serotonergic synapse,62,,0.286436497,0.88511458,0.033448649,0.80993515,0.033448649,0.80993515,0.054112832,0.634975129
"Neomycin, kanamycin and gentamicin biosynthesis",3,,0.019635364,0.316914195,0.517012326,1,0.517012326,1,0.056749277,0.634975129
Pyruvate metabolism,35,,0.065348266,0.451308291,0.159315768,0.940200235,0.159315768,0.940200235,0.057936136,0.634975129
Biosynthesis of cofactors,109,,0.024419266,0.316914195,0.438508506,1,0.438508506,1,0.059287923,0.634975129
Tryptophan metabolism,23,,0.025910409,0.316914195,0.428672892,1,0.428672892,1,0.061090902,0.634975129
Central carbon metabolism in cancer,54,,0.024057253,0.316914195,0.557063893,1,0.557063893,1,0.071193661,0.662735141
Amino sugar and nucleotide sugar metabolism,42,,0.049401032,0.406656214,0.276385082,1,0.276385082,1,0.072279238,0.662735141
Necroptosis,120,,0.027232383,0.316914195,0.530429091,1,0.530429091,1,0.075653701,0.662735141
Th17 cell differentiation,88,,0.02363947,0.316914195,0.619557754,1,0.619557754,1,0.076504742,0.662735141
Viral myocarditis,51,,0.019224733,0.316914195,0.807645486,1,0.807645486,1,0.080198705,0.662735141
Glycosphingolipid biosynthesis - lacto and neolacto series,15,,0.081252854,0.480876651,-,,-,,0.081252854,0.662735141
Phagosome,111,,0.022465001,0.316914195,0.711534485,1,0.711534485,1,0.082099069,0.662735141
Fluid shear stress and atherosclerosis,93,,0.026335082,0.316914195,0.61984307,1,0.61984307,1,0.083497629,0.662735141
Pentose and glucuronate interconversions,13,,0.724631,1,0.022779596,0.772228311,0.022779596,0.772228311,0.084250431,0.662735141
Drug metabolism - cytochrome P450,21,,0.045505487,0.406656214,0.365094529,1,0.365094529,1,0.084689222,0.662735141
Cholesterol metabolism,28,,0.355456737,0.92493193,0.04819184,0.907612983,0.04819184,0.907612983,0.086796872,0.662735141
Circadian entrainment,56,,0.433020787,0.970759019,0.040120271,0.906718128,0.040120271,0.906718128,0.087782595,0.662735141
Ascorbate and aldarate metabolism,6,,0.04900413,0.406656214,0.365094529,1,0.365094529,1,0.08987524,0.662735141
One carbon pool by folate,17,,0.084173768,0.480876651,0.216010885,1,0.216010885,1,0.091044954,0.662735141
Allograft rejection,28,,0.019639426,0.316914195,0.961590187,1,0.961590187,1,0.093847195,0.662735141
ECM-receptor interaction,37,,0.153812233,0.676379436,0.12809738,0.940200235,0.12809738,0.940200235,0.097076153,0.662735141
Porphyrin and chlorophyll metabolism,19,,0.085408409,0.480876651,0.237190713,1,0.237190713,1,0.099248423,0.662735141
Glycerolipid metabolism,41,,0.221796958,0.817055134,0.092058397,0.940200235,0.092058397,0.940200235,0.099872408,0.662735141
Fatty acid degradation,30,,0.083691807,0.480876651,0.245815638,1,0.245815638,1,0.100472966,0.662735141
Leishmaniasis,58,,0.08038315,0.480876651,0.276385082,1,0.276385082,1,0.106793713,0.674192443
Butanoate metabolism,17,,0.147942513,0.666829163,0.151483624,0.940200235,0.151483624,0.940200235,0.107532034,0.674192443
Inflammatory bowel disease,40,,0.050666277,0.406656214,0.445311798,1,0.445311798,1,0.10810666,0.674192443
Glutamatergic synapse,65,,0.496599415,0.972310372,0.047515012,0.907612983,0.047515012,0.907612983,0.112002343,0.686014351
Glucagon signaling pathway,83,,0.402190884,0.940555729,0.062101915,0.940200235,0.062101915,0.940200235,0.117136483,0.704873922
Apoptosis - multiple species,26,,0.027718443,0.316914195,0.931373682,1,0.931373682,1,0.120219771,0.704888002
Drug metabolism - other enzymes,39,,0.030952482,0.323221913,0.872306275,1,0.872306275,1,0.124521956,0.704888002
"Parathyroid hormone synthesis, secretion and action",77,,0.836674395,1,0.032772426,0.80993515,0.032772426,0.80993515,0.126035012,0.704888002
Chemical carcinogenesis - DNA adducts,16,,0.112000093,0.558225814,0.24530138,1,0.24530138,1,0.12622891,0.704888002
Metabolism of xenobiotics by cytochrome P450,26,,0.174244245,0.734048899,0.159569487,0.940200235,0.159569487,0.940200235,0.127414158,0.704888002
Glutathione metabolism,35,,0.147488937,0.666829163,0.192703126,0.989793327,0.192703126,0.989793327,0.129619641,0.705706937
Linoleic acid metabolism,8,,0.143035433,0.666829163,-,,-,,0.143035433,0.766580521
Vitamin B6 metabolism,6,,0.04900413,0.406656214,0.704452229,1,0.704452229,1,0.150725387,0.795366273
Fatty acid elongation,21,,0.085408409,0.480876651,0.428672892,1,0.428672892,1,0.157702661,0.815959051
MicroRNAs in cancer,140,,0.552418434,0.989218992,0.067754113,0.940200235,0.067754113,0.940200235,0.160393603,0.815959051
Th1 and Th2 cell differentiation,73,,0.057301535,0.442722725,0.680851268,1,0.680851268,1,0.165568392,0.815959051
Lipid and atherosclerosis,157,,0.180894442,0.747551731,0.217429875,1,0.217429875,1,0.166598749,0.815959051
Mucin type O-glycan biosynthesis,19,,0.298435735,0.893691714,0.133563062,0.940200235,0.133563062,0.940200235,0.168304115,0.815959051
Homologous recombination,41,,0.252188502,0.882659758,0.159315768,0.940200235,0.159315768,0.940200235,0.169326328,0.815959051
Antigen processing and presentation,55,,0.046549287,0.406656214,0.876207287,1,0.876207287,1,0.171280034,0.815959051
SNARE interactions in vesicular transport,32,,0.880708122,1,0.04819184,0.907612983,0.04819184,0.907612983,0.176545443,0.829521739
Retrograde endocannabinoid signaling,91,,0.660799643,1,0.068778046,0.940200235,0.068778046,0.940200235,0.185937813,0.850765534
Fat digestion and absorption,20,,0.112296155,0.558225814,0.404978323,1,0.404978323,1,0.186027449,0.850765534
Staphylococcus aureus infection,34,,0.050980225,0.406656214,0.923812892,1,0.923812892,1,0.191001571,0.862020249
Signaling pathways regulating pluripotency of stem cells,96,,0.049958383,0.406656214,0.964091118,1,0.964091118,1,0.194253634,0.864235867
PI3K-Akt signaling pathway,209,,0.125749403,0.616172075,0.393508273,1,0.393508273,1,0.198236432,0.864235867
N-Glycan biosynthesis,46,,0.175486909,0.734048899,0.284796348,1,0.284796348,1,0.199720795,0.864235867
Gastric acid secretion,43,,0.635700086,1,0.081039494,0.940200235,0.081039494,0.940200235,0.204307802,0.864235867
Proteoglycans in cancer,144,,0.095158456,0.50998985,0.583300914,1,0.583300914,1,0.21598855,0.864235867
Renin-angiotensin system,10,,0.798199535,1,0.07003974,0.940200235,0.07003974,0.940200235,0.217142676,0.864235867
Glycosylphosphatidylinositol (GPI)-anchor biosynthesis,24,,0.109425043,0.558225814,0.517012326,1,0.517012326,1,0.219066445,0.864235867
Gastric cancer,100,,0.06066463,0.442722725,0.94306856,1,0.94306856,1,0.22089192,0.864235867
Asthma,19,,0.060653778,0.442722725,0.953133234,1,0.953133234,1,0.222606038,0.864235867
NOD-like receptor signaling pathway,132,,0.663047978,1,0.088165637,0.940200235,0.088165637,0.940200235,0.224446512,0.864235867
Cushing syndrome,107,,0.591068291,0.998023602,0.099690256,0.940200235,0.099690256,0.940200235,0.225766997,0.864235867
Retinol metabolism,17,,0.060653778,0.442722725,0.972239755,1,0.972239755,1,0.22589798,0.864235867
Glycosaminoglycan degradation,17,,0.502095905,0.972310372,0.120114494,0.940200235,0.120114494,0.940200235,0.22967318,0.864235867
Longevity regulating pathway,73,,0.485031287,0.972310372,0.12445831,0.940200235,0.12445831,0.940200235,0.229833726,0.864235867
Citrate cycle (TCA cycle),29,,0.132269944,0.630119317,0.463520322,1,0.463520322,1,0.232475474,0.864235867
Salivary secretion,47,,0.370206767,0.926032618,0.167767414,0.940200235,0.167767414,0.940200235,0.234700464,0.864235867
Kaposi sarcoma-associated herpesvirus infection,148,,0.45989465,0.972310372,0.137291386,0.940200235,0.137291386,0.940200235,0.23755681,0.864235867
Mineral absorption,31,,0.065788381,0.451308291,0.969709203,1,0.969709203,1,0.239365619,0.864235867
Viral protein interaction with cytokine and cytokine receptor,29,,0.065788381,0.451308291,0.969709203,1,0.969709203,1,0.239365619,0.864235867
IL-17 signaling pathway,55,,0.499998409,0.972310372,0.132064156,0.940200235,0.132064156,0.940200235,0.245481248,0.867581171
Phototransduction,13,,0.201186268,0.778671674,0.329572424,1,0.329572424,1,0.246224162,0.867581171
FoxO signaling pathway,105,,0.18594078,0.759258185,0.363524524,1,0.363524524,1,0.249708282,0.867581171
Rheumatoid arthritis,62,,0.074825643,0.480876651,0.906835764,1,0.906835764,1,0.250409726,0.867581171
Hematopoietic cell lineage,49,,0.074202554,0.480876651,0.940820515,1,0.940820515,1,0.255646106,0.870379217
Viral carcinogenesis,177,,0.08845964,0.489381555,0.79780848,1,0.79780848,1,0.257671875,0.870379217
Propanoate metabolism,31,,0.466248726,0.972310372,0.153759357,0.940200235,0.153759357,0.940200235,0.260622388,0.870379217
Glyoxylate and dicarboxylate metabolism,22,,0.380632952,0.926032618,0.190042872,0.989793327,0.190042872,0.989793327,0.262323204,0.870379217
Pyrimidine metabolism,43,,0.284012077,0.88511458,0.256819439,1,0.256819439,1,0.263905069,0.870379217
Pertussis,48,,0.200837382,0.778671674,0.370283722,1,0.370283722,1,0.267627235,0.873957151
Lysine degradation,50,,0.830892153,1,0.091334856,0.940200235,0.091334856,0.940200235,0.271568607,0.873957151
Steroid hormone biosynthesis,18,,0.147942513,0.666829163,0.521269301,1,0.521269301,1,0.274726314,0.873957151
Neuroactive ligand-receptor interaction,82,,0.456092902,0.972310372,0.171954025,0.940200235,0.171954025,0.940200235,0.27806978,0.873957151
Aldosterone synthesis and secretion,59,,0.84700024,1,0.093142162,0.940200235,0.093142162,0.940200235,0.279250637,0.873957151
Arachidonic acid metabolism,21,,0.221466212,0.817055134,0.365094529,1,0.365094529,1,0.284216009,0.873957151
Hypertrophic cardiomyopathy,44,,0.299634248,0.893691714,0.270972158,1,0.270972158,1,0.285061476,0.873957151
Other types of O-glycan biosynthesis,34,,0.509602113,0.972310372,0.159569487,0.940200235,0.159569487,0.940200235,0.285373764,0.873957151
Platinum drug resistance,59,,0.105844309,0.550069664,0.784530962,1,0.784530962,1,0.289674829,0.874816652
Carbohydrate digestion and absorption,26,,0.085520337,0.480876651,0.976701105,1,0.976701105,1,0.290891912,0.874816652
Histidine metabolism,10,,0.103365525,0.545451926,0.826574181,1,0.826574181,1,0.295615566,0.874816652
beta-Alanine metabolism,22,,0.309471941,0.907255349,0.276397217,1,0.276397217,1,0.29585636,0.874816652
Dilated cardiomyopathy,47,,0.252188502,0.882659758,0.348456442,1,0.348456442,1,0.301577088,0.881740901
C-type lectin receptor signaling pathway,81,,0.334316282,0.924761972,0.265026401,1,0.265026401,1,0.303339435,0.881740901
Toxoplasmosis,92,,0.199652258,0.778671674,0.453036474,1,0.453036474,1,0.307796969,0.882482675
Lysosome,114,,0.788380413,1,0.116374721,0.940200235,0.116374721,0.940200235,0.310906255,0.882482675
Colorectal cancer,76,,0.095053302,0.50998985,0.975239127,1,0.975239127,1,0.313175741,0.882482675
Morphine addiction,45,,0.540833615,0.989218992,0.171954025,0.940200235,0.171954025,0.940200235,0.313885966,0.882482675
AMPK signaling pathway,94,,0.783928898,1,0.122604928,0.940200235,0.122604928,0.940200235,0.321233098,0.889882463
Fatty acid biosynthesis,13,,0.149696343,0.666829163,0.643408322,1,0.643408322,1,0.32170678,0.889882463
Cortisol synthesis and secretion,38,,0.821338032,1,0.121963247,0.940200235,0.121963247,0.940200235,0.33065683,0.90732234
Dopaminergic synapse,87,,0.864219196,1,0.118134029,0.940200235,0.118134029,0.940200235,0.335057656,0.912101396
Primary bile acid biosynthesis,9,,0.798199535,1,0.133563062,0.940200235,0.133563062,0.940200235,0.345264739,0.918228278
Glycosphingolipid biosynthesis - globo and isoglobo series,10,,0.798199535,1,0.133563062,0.940200235,0.133563062,0.940200235,0.345264739,0.918228278
Malaria,23,,0.559289603,0.989218992,0.190676479,0.989793327,0.190676479,0.989793327,0.345339498,0.918228278
Cysteine and methionine metabolism,41,,0.791596529,1,0.141070581,0.940200235,0.141070581,0.940200235,0.35647593,0.94000431
Osteoclast differentiation,91,,0.380130192,0.926032618,0.296818949,1,0.296818949,1,0.359010393,0.94000431
Amoebiasis,57,,0.733646973,1,0.159315768,0.940200235,0.159315768,0.940200235,0.367778773,0.949848807
Nicotine addiction,7,,0.371609766,0.926032618,-,,-,,0.371609766,0.949848807
Hepatitis B,133,,0.643816499,1,0.187020093,0.989793327,0.187020093,0.989793327,0.375293081,0.949848807
Arginine and proline metabolism,32,,0.224460269,0.817055134,0.540025559,1,0.540025559,1,0.3770001,0.949848807
Cocaine addiction,26,,0.948176445,1,0.12809738,0.940200235,0.12809738,0.940200235,0.377516083,0.949848807
Autophagy - other,30,,0.27474521,0.88511458,0.445311798,1,0.445311798,1,0.379385675,0.949848807
Arginine biosynthesis,16,,0.318889979,0.919153468,0.388187868,1,0.388187868,1,0.382406565,0.95020134
Chemical carcinogenesis - receptor activation,119,,0.164420864,0.713877929,0.760644379,1,0.760644379,1,0.385067015,0.95020134
Arrhythmogenic right ventricular cardiomyopathy,37,,0.374291494,0.926032618,0.348456442,1,0.348456442,1,0.396093646,0.967376002
African trypanosomiasis,19,,0.608592165,0.998023602,0.216010885,1,0.216010885,1,0.3982044,0.967376002
RIG-I-like receptor signaling pathway,46,,0.786160696,1,0.169428177,0.940200235,0.169428177,0.940200235,0.40171386,0.967376002
Other glycan degradation,15,,0.664057602,1,0.201774506,1,0.201774506,1,0.403308362,0.967376002
alpha-Linolenic acid metabolism,10,,0.272249105,0.88511458,0.517012326,1,0.517012326,1,0.416740425,0.989047779
Bile secretion,32,,0.42219855,0.967494377,0.335045744,1,0.335045744,1,0.418110577,0.989047779
Bacterial invasion of epithelial cells,61,,0.196944887,0.778671674,0.728268906,1,0.728268906,1,0.42195563,0.991306721
Calcium signaling pathway,114,,0.601221184,0.998023602,0.247165916,1,0.247165916,1,0.431908116,1
Synthesis and degradation of ketone bodies,7,,0.285894391,0.88511458,0.524818727,1,0.524818727,1,0.434649056,1
TGF-beta signaling pathway,68,,0.273265702,0.88511458,0.549270748,1,0.549270748,1,0.434751715,1
Cholinergic synapse,71,,0.325910876,0.923863062,0.481130495,1,0.481130495,1,0.447327047,1
Thermogenesis,186,,0.936205168,1,0.168768349,0.940200235,0.168768349,0.940200235,0.449538641,1
2-Oxocarboxylic acid metabolism,16,,0.380672301,0.926032618,0.428672892,1,0.428672892,1,0.459016312,1
Olfactory transduction,27,,0.403095313,0.940555729,0.404978323,1,0.404978323,1,0.459126828,1
Bladder cancer,33,,0.259784287,0.88511458,0.637908891,1,0.637908891,1,0.463592027,1
Pancreatic cancer,68,,0.213951828,0.806433814,0.780999559,1,0.780999559,1,0.466062462,1
Cytokine-cytokine receptor interaction,101,,0.202046003,0.778671674,0.82806932,1,0.82806932,1,0.466441299,1
Cell adhesion molecules,74,,0.226298069,0.817055134,0.754954447,1,0.754954447,1,0.472727399,1
Pathways in cancer,351,,0.298097336,0.893691714,0.587710092,1,0.587710092,1,0.480359073,1
NF-kappa B signaling pathway,78,,0.402190884,0.940555729,0.442012339,1,0.442012339,1,0.484831603,1
Notch signaling pathway,49,,0.333018032,0.924761972,0.542034541,1,0.542034541,1,0.489532879,1
Maturity onset diabetes of the young,9,,0.204695673,0.780117955,0.883443038,1,0.883443038,1,0.490097005,1
Phosphatidylinositol signaling system,82,,0.891309737,1,0.207785925,1,0.207785925,1,0.497508999,1
Transcriptional misregulation in cancer,121,,0.90113306,1,0.2065429,1,0.2065429,1,0.499059834,1
Phenylalanine metabolism,10,,0.272249105,0.88511458,0.704452229,1,0.704452229,1,0.508497435,1
AGE-RAGE signaling pathway in diabetic complications,70,,0.260908257,0.88511458,0.735903033,1,0.735903033,1,0.508855146,1
Nicotinate and nicotinamide metabolism,24,,0.817411396,1,0.237190713,1,0.237190713,1,0.51194714,1
Cardiac muscle contraction,46,,0.284012077,0.88511458,0.693279222,1,0.693279222,1,0.516873642,1
GABAergic synapse,46,,0.442649398,0.972310372,0.445311798,1,0.445311798,1,0.517226692,1
Various types of N-glycan biosynthesis,33,,0.592482492,0.998023602,0.335045744,1,0.335045744,1,0.519481914,1
Mitophagy - animal,64,,0.46618234,0.972310372,0.429211146,1,0.429211146,1,0.522033468,1
Glycosphingolipid biosynthesis - ganglio series,14,,0.608592165,0.998023602,0.329572424,1,0.329572424,1,0.522812497,1
Pantothenate and CoA biosynthesis,16,,0.502095905,0.972310372,0.404978323,1,0.404978323,1,0.527232117,1
Vasopressin-regulated water reabsorption,34,,0.55180786,0.989218992,0.379383236,1,0.379383236,1,0.536715363,1
Toll-like receptor signaling pathway,67,,0.398214897,0.940555729,0.554078138,1,0.554078138,1,0.55407949,1
Purine metabolism,92,,0.365185319,0.926032618,0.62004926,1,0.62004926,1,0.562755167,1
JAK-STAT signaling pathway,80,,0.474506433,0.972310372,0.481130495,1,0.481130495,1,0.565520009,1
Human immunodeficiency virus 1 infection,172,,0.559499955,0.989218992,0.408992574,1,0.408992574,1,0.566304927,1
Thyroid hormone synthesis,47,,0.504157064,0.972310372,0.458090638,1,0.458090638,1,0.569419165,1
Insulin resistance,87,,0.990227394,1,0.234281285,1,0.234281285,1,0.570944095,1
Nucleotide excision repair,46,,0.239538894,0.855852506,0.970703573,1,0.970703573,1,0.57171714,1
Type II diabetes mellitus,28,,0.377962548,0.926032618,0.630512207,1,0.630512207,1,0.580090135,1
Mismatch repair,23,,0.309471941,0.907255349,0.772894918,1,0.772894918,1,0.581349578,1
Amphetamine addiction,42,,0.635700086,1,0.379383236,1,0.379383236,1,0.58418043,1
Oxytocin signaling pathway,104,,0.801548625,1,0.302384394,1,0.302384394,1,0.585886741,1
Long-term depression,42,,0.639973238,1,0.387576274,1,0.387576274,1,0.593846579,1
Protein digestion and absorption,34,,0.827513974,1,0.300189904,1,0.300189904,1,0.594366181,1
Adrenergic signaling in cardiomyocytes,87,,0.456092902,0.972310372,0.559905116,1,0.559905116,1,0.603959018,1
Melanogenesis,68,,0.416398497,0.965031653,0.622115502,1,0.622115502,1,0.608954935,1
Nitrogen metabolism,6,,0.512735569,0.972310372,0.511339476,1,0.511339476,1,0.613169248,1
"Alanine, aspartate and glutamate metabolism",23,,0.617588708,0.998042155,0.428672892,1,0.428672892,1,0.616586032,1
Long-term potentiation,49,,0.644132761,1,0.413937164,1,0.413937164,1,0.619087069,1
Caffeine metabolism,1,,0.269925402,0.88511458,1,1,1,1,0.623422313,1
Ubiquinone and other terpenoid-quinone biosynthesis,9,,0.533417257,0.988984428,0.511339476,1,0.511339476,1,0.62711619,1
Vibrio cholerae infection,43,,0.504157064,0.972310372,0.547563032,1,0.547563032,1,0.631384183,1
Hedgehog signaling pathway,39,,0.865127633,1,0.319254504,1,0.319254504,1,0.631561933,1
Coronavirus disease - COVID-19,169,,0.276311264,0.88511458,0.999998701,1,0.999998701,1,0.631709888,1
Intestinal immune network for IgA production,35,,0.438822773,0.972310372,0.633738695,1,0.633738695,1,0.634003977,1
Cellular senescence,135,,0.346254618,0.92493193,0.803809232,1,0.803809232,1,0.634290157,1
Adipocytokine signaling pathway,50,,0.830892153,1,0.335876019,1,0.335876019,1,0.635253598,1
DNA replication,36,,0.353545066,0.92493193,0.792549282,1,0.792549282,1,0.636687314,1
Ovarian steroidogenesis,23,,0.4314866,0.970759019,0.65087404,1,0.65087404,1,0.637502773,1
cGMP-PKG signaling pathway,103,,0.885432268,1,0.317828413,1,0.317828413,1,0.638228741,1
Ether lipid metabolism,26,,0.35595048,0.92493193,0.791913082,1,0.791913082,1,0.6388196,1
Tyrosine metabolism,17,,0.298435735,0.893691714,0.944829697,1,0.944829697,1,0.638932414,1
Antifolate resistance,24,,0.450207831,0.972310372,0.630512207,1,0.630512207,1,0.641319482,1
Estrogen signaling pathway,82,,0.924393552,1,0.308265248,1,0.308265248,1,0.642698626,1
Thyroid cancer,30,,0.397053455,0.940555729,0.718917977,1,0.718917977,1,0.643313931,1
Hippo signaling pathway,114,,0.317393369,0.919153468,0.902323069,1,0.902323069,1,0.644493973,1
Shigellosis,203,,0.479597004,0.972310372,0.605000388,1,0.605000388,1,0.649177092,1
Renal cell carcinoma,56,,0.330954225,0.924761972,0.896210949,1,0.896210949,1,0.657084827,1
Neurotrophin signaling pathway,99,,0.423102497,0.967494377,0.714335863,1,0.714335863,1,0.663877153,1
Protein export,23,,0.4314866,0.970759019,0.711950189,1,0.711950189,1,0.669771148,1
Small cell lung cancer,72,,0.337771518,0.92493193,0.910304427,1,0.910304427,1,0.670099067,1
Chagas disease,68,,0.341209507,0.92493193,0.905345436,1,0.905345436,1,0.671791118,1
Autophagy - animal,124,,0.619775449,0.998042155,0.499140595,1,0.499140595,1,0.672310741,1
EGFR tyrosine kinase inhibitor resistance,57,,0.392875546,0.940555729,0.792549282,1,0.792549282,1,0.674671993,1
Lipoic acid metabolism,3,,0.610948483,0.998023602,0.511339476,1,0.511339476,1,0.675870713,1
Apoptosis,113,,0.500645771,0.972310372,0.624471078,1,0.624471078,1,0.676146048,1
Human T-cell leukemia virus 1 infection,190,,0.325454832,0.923863062,0.984992459,1,0.984992459,1,0.685268572,1
Primary immunodeficiency,27,,0.777164018,1,0.418040529,1,0.418040529,1,0.690149198,1
Fanconi anemia pathway,52,,0.805127469,1,0.408115014,1,0.408115014,1,0.694286435,1
Vascular smooth muscle contraction,76,,0.909443228,1,0.364086432,1,0.364086432,1,0.697093982,1
Proximal tubule bicarbonate reclamation,16,,0.380672301,0.926032618,0.870191179,1,0.870191179,1,0.697250613,1
Pancreatic secretion,48,,0.611034858,0.998023602,0.54579304,1,0.54579304,1,0.699718923,1
Epstein-Barr virus infection,175,,0.350260936,0.92493193,0.975261862,1,0.975261862,1,0.708513468,1
Relaxin signaling pathway,87,,0.464833817,0.972310372,0.735903033,1,0.735903033,1,0.709024939,1
Hippo signaling pathway - multiple species,21,,0.517656501,0.972310372,0.661449587,1,0.661449587,1,0.70937992,1
Glycosaminoglycan biosynthesis - keratan sulfate,11,,0.342729574,0.92493193,1,1,1,1,0.709729049,1
Ras signaling pathway,143,,0.55776738,0.989218992,0.623567504,1,0.623567504,1,0.715127134,1
Oocyte meiosis,100,,0.447507243,0.972310372,0.789088387,1,0.789088387,1,0.720702205,1
Longevity regulating pathway - multiple species,48,,0.514499308,0.972310372,0.687329546,1,0.687329546,1,0.721230437,1
Insulin signaling pathway,113,,0.664822897,1,0.533832569,1,0.533832569,1,0.722551994,1
Legionellosis,40,,0.764341372,1,0.468466505,1,0.468466505,1,0.725815765,1
Aldosterone-regulated sodium reabsorption,26,,0.577632041,0.998023602,0.630512207,1,0.630512207,1,0.732065072,1
Human cytomegalovirus infection,169,,0.672397475,1,0.548906561,1,0.548906561,1,0.736960859,1
Circadian rhythm,22,,0.883588033,1,0.418040529,1,0.418040529,1,0.737252012,1
Base excision repair,33,,0.480304823,0.972310372,0.772894918,1,0.772894918,1,0.73908943,1
Basal cell carcinoma,41,,0.504157064,0.972310372,0.750998718,1,0.750998718,1,0.746345426,1
Glycerophospholipid metabolism,65,,0.821828481,1,0.473010563,1,0.473010563,1,0.756032774,1
D-Glutamine and D-glutamate metabolism,5,,0.792737488,1,0.517012326,1,0.517012326,1,0.775425969,1
Glycosaminoglycan biosynthesis - heparan sulfate / heparin,14,,0.547813534,0.989218992,0.761299467,1,0.761299467,1,0.78178086,1
PD-L1 expression and PD-1 checkpoint pathway in cancer,77,,0.521589238,0.972310372,0.818968698,1,0.818968698,1,0.790505329,1
Pathogenic Escherichia coli infection,151,,0.553487085,0.989218992,0.772889449,1,0.772889449,1,0.791031451,1
Regulation of lipolysis in adipocytes,30,,0.54186551,0.989218992,0.812709041,1,0.812709041,1,0.801542431,1
Diabetic cardiomyopathy,158,,0.71626226,1,0.63321171,1,0.63321171,1,0.81214576,1
Epithelial cell signaling in Helicobacter pylori infection,58,,0.477308928,0.972310372,0.95462276,1,0.95462276,1,0.813804683,1
Inflammatory mediator regulation of TRP channels,61,,0.734782123,1,0.621326111,1,0.621326111,1,0.814502874,1
Wnt signaling pathway,113,,0.601221184,0.998023602,0.76469212,1,0.76469212,1,0.817008345,1
Mannose type O-glycan biosynthesis,18,,0.901204874,1,0.511339476,1,0.511339476,1,0.817840527,1
Salmonella infection,218,,0.626965887,1,0.76010334,1,0.76010334,1,0.829767153,1
Protein processing in endoplasmic reticulum,153,,0.978938803,1,0.488115763,1,0.488115763,1,0.830711611,1
Terpenoid backbone biosynthesis,20,,0.517656501,0.972310372,0.923812892,1,0.923812892,1,0.830993774,1
Fc gamma R-mediated phagocytosis,77,,0.521589238,0.972310372,0.9261581,1,0.9261581,1,0.834551674,1
Natural killer cell mediated cytotoxicity,81,,0.62819386,1,0.769346062,1,0.769346062,1,0.834714874,1
Measles,109,,0.618429487,0.998042155,0.794692963,1,0.794692963,1,0.840581872,1
MAPK signaling pathway,196,,0.665800797,1,0.738178048,1,0.738178048,1,0.840594638,1
Thyroid hormone signaling pathway,95,,0.689762529,1,0.713327168,1,0.713327168,1,0.840982759,1
Non-small cell lung cancer,61,,0.802487676,1,0.620251287,1,0.620251287,1,0.845004763,1
Taurine and hypotaurine metabolism,5,,1,1,0.511339476,1,0.511339476,1,0.854305893,1
Vitamin digestion and absorption,12,,0.977179627,1,0.527926181,1,0.527926181,1,0.857330367,1
Ribosome,128,,0.519809137,0.972310372,0.999999946,1,0.999999946,1,0.859916899,1
Endocrine resistance,81,,0.76170913,1,0.684894154,1,0.684894154,1,0.86114424,1
Riboflavin metabolism,7,,0.60347204,0.998023602,0.883443038,1,0.883443038,1,0.868465424,1
Platelet activation,87,,0.959334218,1,0.562621478,1,0.562621478,1,0.872581499,1
Taste transduction,31,,0.771424248,1,0.704452229,1,0.704452229,1,0.874844097,1
T cell receptor signaling pathway,78,,0.576102908,0.998023602,0.94565894,1,0.94565894,1,0.875675035,1
TNF signaling pathway,82,,0.891309737,1,0.619557754,1,0.619557754,1,0.880131802,1
Insulin secretion,47,,0.788503945,1,0.711950189,1,0.711950189,1,0.885494229,1
Oxidative phosphorylation,108,,0.753154731,1,0.748856607,1,0.748856607,1,0.887006184,1
Hepatitis C,114,,0.845876616,1,0.667695204,1,0.667695204,1,0.88745398,1
Endometrial cancer,52,,0.596438044,0.998023602,0.947544578,1,0.947544578,1,0.887661747,1
"Growth hormone synthesis, secretion and action",84,,0.914985642,1,0.619557754,1,0.619557754,1,0.888649078,1
Collecting duct acid secretion,18,,0.758064074,1,0.750998718,1,0.750998718,1,0.89001677,1
Leukocyte transendothelial migration,76,,0.740567765,1,0.769346062,1,0.769346062,1,0.890268827,1
Endocrine and other factor-regulated calcium reabsorption,34,,0.800973848,1,0.711950189,1,0.711950189,1,0.890550214,1
Herpes simplex virus 1 infection,408,,0.964541924,1,0.594726231,1,0.594726231,1,0.8924414,1
ErbB signaling pathway,66,,0.736728941,1,0.780999559,1,0.780999559,1,0.893409424,1
Axon guidance,114,,0.58430434,0.998023602,0.987431505,1,0.987431505,1,0.894278093,1
Thiamine metabolism,10,,0.875632659,1,0.661449587,1,0.661449587,1,0.895498253,1
Gap junction,56,,0.937190986,1,0.622115502,1,0.622115502,1,0.897590341,1
Sulfur metabolism,7,,0.60347204,0.998023602,0.972239755,1,0.972239755,1,0.899563286,1
Non-homologous end-joining,13,,0.903087507,1,0.65087404,1,0.65087404,1,0.900136407,1
ABC transporters,25,,0.87009899,1,0.677444073,1,0.677444073,1,0.901009377,1
Sphingolipid metabolism,36,,0.795652454,1,0.750998718,1,0.750998718,1,0.90523059,1
GnRH signaling pathway,71,,0.801644812,1,0.746107617,1,0.746107617,1,0.90552863,1
Chemokine signaling pathway,119,,0.606063926,0.998023602,0.988823082,1,0.988823082,1,0.906132267,1
Hepatocellular carcinoma,128,,0.846146588,1,0.711534485,1,0.711534485,1,0.907545399,1
Phosphonate and phosphinate metabolism,5,,0.792737488,1,0.761299467,1,0.761299467,1,0.908278442,1
Rap1 signaling pathway,137,,0.732229673,1,0.828118571,1,0.828118571,1,0.909717134,1
Glycosaminoglycan biosynthesis - chondroitin sulfate / dermatan sulfate,15,,0.608592165,0.998023602,1,1,1,1,0.910823243,1
Regulation of actin cytoskeleton,152,,0.710999862,1,0.856848145,1,0.856848145,1,0.911134168,1
Adherens junction,61,,0.781687583,1,0.784530962,1,0.784530962,1,0.913122544,1
Human papillomavirus infection,238,,0.804006985,1,0.763550734,1,0.763550734,1,0.913436132,1
Non-alcoholic fatty liver disease,129,,0.924110409,1,0.667482567,1,0.667482567,1,0.91485754,1
Complement and coagulation cascades,32,,0.94870834,1,0.65087404,1,0.65087404,1,0.915177061,1
Inositol phosphate metabolism,65,,0.839736567,1,0.738968536,1,0.738968536,1,0.916639577,1
cAMP signaling pathway,109,,0.751495622,1,0.830446514,1,0.830446514,1,0.918317735,1
Glioma,58,,0.844142923,1,0.746107617,1,0.746107617,1,0.920999825,1
Prostate cancer,72,,0.945236488,1,0.676351849,1,0.676351849,1,0.92531653,1
Tight junction,124,,0.910021023,1,0.707597078,1,0.707597078,1,0.927364828,1
VEGF signaling pathway,48,,0.705540184,1,0.962859372,1,0.962859372,1,0.941994074,1
Endocytosis,215,,0.848484261,1,0.810666995,1,0.810666995,1,0.945228379,1
Breast cancer,103,,0.832366403,1,0.830840029,1,0.830840029,1,0.946612264,1
Basal transcription factors,42,,0.816457288,1,0.857832687,1,0.857832687,1,0.949809229,1
Cell cycle,117,,0.740919364,1,0.952261244,1,0.952261244,1,0.951629643,1
Selenocompound metabolism,14,,0.941850594,1,0.750998718,1,0.750998718,1,0.952248155,1
Aminoacyl-tRNA biosynthesis,44,,0.993218351,1,0.728268906,1,0.728268906,1,0.957609172,1
Spliceosome,132,,0.993314214,1,0.734918393,1,0.734918393,1,0.959740381,1
mTOR signaling pathway,130,,0.889880497,1,0.84674581,1,0.84674581,1,0.966761019,1
Prolactin signaling pathway,49,,0.786160696,1,0.963694706,1,0.963694706,1,0.967914808,1
Chronic myeloid leukemia,68,,0.92266208,1,0.82264758,1,0.82264758,1,0.968304002,1
Melanoma,45,,0.854459264,1,0.889808921,1,0.889808921,1,0.968655775,1
"Valine, leucine and isoleucine biosynthesis",3,,1,1,0.761299467,1,0.761299467,1,0.968927514,1
"Phenylalanine, tyrosine and tryptophan biosynthesis",3,,1,1,0.761299467,1,0.761299467,1,0.968927514,1
Sphingolipid signaling pathway,93,,0.955760097,1,0.796782281,1,0.796782281,1,0.96899109,1
Synaptic vesicle cycle,50,,0.957749047,1,0.807645486,1,0.807645486,1,0.972163274,1
Focal adhesion,129,,0.806288729,1,0.961504994,1,0.961504994,1,0.972605339,1
Influenza A,128,,0.880306974,1,0.884863952,1,0.884863952,1,0.973538745,1
Sulfur relay system,8,,0.919452089,1,0.870191179,1,0.870191179,1,0.978536948,1
Fc epsilon RI signaling pathway,52,,0.84700024,1,0.950657028,1,0.950657028,1,0.979659782,1
Acute myeloid leukemia,56,,0.966231604,1,0.835413879,1,0.835413879,1,0.980089877,1
Choline metabolism in cancer,71,,0.919846712,1,0.896210949,1,0.896210949,1,0.983586669,1
Phospholipase D signaling pathway,97,,0.86104507,1,0.973102263,1,0.973102263,1,0.986085406,1
Yersinia infection,113,,0.989769006,1,0.868161619,1,0.868161619,1,0.98959871,1
Parkinson disease,202,,0.998666563,1,0.86799188,1,0.86799188,1,0.990711394,1
Cytosolic DNA-sensing pathway,41,,0.883510408,1,0.994838076,1,0.994838076,1,0.992358489,1
RNA polymerase,31,,0.915018198,1,0.983959975,1,0.983959975,1,0.994860357,1
Progesterone-mediated oocyte maturation,73,,0.929232249,1,0.973102263,1,0.973102263,1,0.99526102,1
GnRH secretion,39,,0.933055214,1,0.969341777,1,0.969341777,1,0.995282275,1
mRNA surveillance pathway,81,,0.955821222,1,0.949285763,1,0.949285763,1,0.995568688,1
Huntington disease,240,,0.999212241,1,0.919096294,1,0.919096294,1,0.996573916,1
RNA transport,157,,0.919993891,1,0.999583662,1,0.999583662,1,0.996678551,1
B cell receptor signaling pathway,72,,0.962854916,1,0.961158777,1,0.961158777,1,0.997149899,1
Pathways of neurodegeneration - multiple diseases,358,,0.99959353,1,0.942733056,1,0.942733056,1,0.998305344,1
RNA degradation,73,,0.951996206,1,0.989956572,1,0.989956572,1,0.998310389,1
Spinocerebellar ataxia,114,,0.948571345,1,0.997873494,1,0.997873494,1,0.998545627,1
Prion disease,211,,0.98139275,1,0.973592671,1,0.973592671,1,0.998993795,1
Amyotrophic lateral sclerosis,289,,0.996739034,1,0.960216263,1,0.960216263,1,0.99906569,1
Ubiquitin mediated proteolysis,131,,0.977314671,1,0.999014786,1,0.999014786,1,0.999718151,1
Alzheimer disease,284,,0.989275224,1,0.987632012,1,0.987632012,1,0.999734376,1
Proteasome,45,,0.999540097,1,0.996600066,1,0.996600066,1,0.999992547,1
Ribosome biogenesis in eukaryotes,74,,0.99912354,1,0.998501827,1,0.998501827,1,0.999997181,1
Biotin metabolism,3,,1,1,-,,-,,1,1
