,Gene,ImportanceScore,Pathway
0,RBX1,0.15694403844480798,hsa04066
1,VEGFA,0.15698683403132135,hsa04066
2,VHL,0.15695902934908118,hsa04066
3,ARNT,1.0,hsa04066
4,EP300,0.32505630636336086,hsa04066
5,HIF1A,0.4557919188371946,hsa04066
6,SLC2A1,0.15688186296003193,hsa04066
7,PDK1,0.15695385288387448,hsa04066
8,GAPDH,0.15672286904715552,hsa04066
9,PFKFB3,0.1569090886193183,hsa04066
10,TF,0.1569052960189711,hsa04066
11,TFRC,0.15681834414200307,hsa04066
12,FLT1,0.15705998200107146,hsa04066
13,NOS3,0.15692222665013938,hsa04066
14,TLR4,0.6088443208487783,hsa04066
15,IFNG,0.1570852795139218,hsa04066
16,STAT3,0.15691786081706796,hsa04066
17,EIF4EBP1,0.3131164535307299,hsa04066
18,EIF4E,0.15683257073597726,hsa04066
19,BCL2,0.15680554773472472,hsa04066
20,EIF4E,0.13289215660788364,hsa04151
21,EIF4EBP1,0.2647426251151516,hsa04151
22,EIF4B,0.1326301193178668,hsa04151
23,RHEB,0.4519376338239603,hsa04151
24,TSC2,0.5837435352050192,hsa04151
25,TSC1,0.1326676433512594,hsa04151
26,PDPK1,0.22616284678250956,hsa04151
27,PTEN,0.3701446122543368,hsa04151
28,IRS1,0.46449435804979783,hsa04151
29,GSK3B,0.3967253081258956,hsa04151
30,MYC,0.13297063818241678,hsa04151
31,CDKN1B,0.13291864646253101,hsa04151
32,RBL2,0.1330346178332,hsa04151
33,BCL2L11,0.1327882025143322,hsa04151
34,FOXO3,0.5664344205180203,hsa04151
35,BAD,0.13289615747588618,hsa04151
36,MDM2,0.2647939223078291,hsa04151
37,BCL2L1,0.13297142563932193,hsa04151
38,TP53,0.13281707430384174,hsa04151
39,CCND1,0.13264887644352646,hsa04151
40,G6PC,0.1328417495838816,hsa04151
41,GRB2,0.22316039587913916,hsa04151
42,THEM4,0.38273342657181764,hsa04151
43,CDC37,0.13265780747650027,hsa04151
44,NOS3,0.1329973628068247,hsa04151
45,DDIT4,0.1676776790004118,hsa04151
46,STK11,0.48243181443672917,hsa04151
47,CRTC2,0.21533095153215956,hsa04151
48,CDKN1A,0.13261790639928225,hsa04151
49,CASP9,0.13261655158212246,hsa04151
50,RAF1,0.13276078336271613,hsa04151
51,CD19,0.8679031455200844,hsa04151
52,SYK,1.0,hsa04151
53,PTK2,0.37257428363443534,hsa04151
54,RAC1,0.7390432964984632,hsa04151
55,BRCA1,0.13303762092972024,hsa04151
56,BCL2,0.13287026921875025,hsa04151
57,MCL1,0.13273106053282474,hsa04151
58,MYB,0.13268147031194782,hsa04151
59,PIK3AP1,0.5590683578769385,hsa04151
60,NR4A1,0.13277632218624177,hsa04151
61,ALCAM,0.25780777817088474,hsa04514
62,SPN,0.2575148815269211,hsa04514
63,PTPRC,0.5144363620608773,hsa04514
64,CD22,0.2578871075151687,hsa04514
65,ITGB1,0.2874405690837246,hsa04514
66,ITGAL,0.4729135269826468,hsa04514
67,MAG,0.2575788528166595,hsa04514
68,MPZ,0.257834699937088,hsa04514
69,CNTNAP2,0.2577282966725,hsa04514
70,CNTNAP1,0.2578997743440569,hsa04514
71,NEGR1,0.25755986208295845,hsa04514
72,CADM1,0.2575514936074165,hsa04514
73,CD226,0.25799673454476657,hsa04514
74,GLG1,0.2579504796981354,hsa04514
75,SELPLG,0.5146862181135882,hsa04514
76,SELL,0.6258361581059128,hsa04514
77,MADCAM1,0.3690097358464068,hsa04514
78,ITGB7,0.2581767899037538,hsa04514
79,ITGA4,0.451104081507126,hsa04514
80,PECAM1,0.25766208110977556,hsa04514
81,CD58,0.25789764418664646,hsa04514
82,ICAM3,0.4313372477765247,hsa04514
83,ICAM1,0.2577265564099726,hsa04514
84,ICAM2,0.6309615165381808,hsa04514
85,JAM3,0.6060229839419987,hsa04514
86,F11R,1.0,hsa04514
87,ESAM,0.2578585215634884,hsa04514
88,CD86,0.40142895333536455,hsa04514
89,CD80,0.2576978943812419,hsa04514
90,CD28,0.514735468494078,hsa04514
91,OCLN,0.25760420549369883,hsa04514
92,ICOSLG,0.4131721022261019,hsa04514
93,TIGIT,0.2581071223448682,hsa04514
94,NTNG1,0.2579454015550226,hsa04514
95,NTNG2,0.2579638787686337,hsa04514
96,LRRC4,0.5146634045081053,hsa04514
97,PECAM1,0.17598521843272158,hsa04670
98,CTNND1,0.13044244357499896,hsa04670
99,BCAR1,0.13037786081656005,hsa04670
100,SIPA1,0.13028481328801347,hsa04670
101,F11R,0.6191739442799667,hsa04670
102,ITGAL,0.13048372471621608,hsa04670
103,ITGB1,0.13046428583091077,hsa04670
104,ITGA4,0.13052629182928063,hsa04670
105,CTNNB1,0.1305406783383012,hsa04670
106,PTK2,0.1304942822079379,hsa04670
107,RHOA,0.4081512861977355,hsa04670
108,JAM3,0.1304937090594366,hsa04670
109,CYBA,0.1304481028144028,hsa04670
110,NCF2,0.13042148271552204,hsa04670
111,PXN,0.13043793063259781,hsa04670
112,NCF1,0.13040805466491967,hsa04670
113,RAC1,0.6506546651489693,hsa04670
114,NCF4,0.13035807033595567,hsa04670
115,RAC2,0.13046300467543717,hsa04670
116,RASSF5,0.46373267036138416,hsa04670
117,PTK2B,0.1304193008981179,hsa04670
118,CXCR4,0.879367912952556,hsa04670
119,ICAM1,1.0,hsa04670
120,CDC42,0.13034156943876632,hsa04670
121,WASF2,0.15566963961052988,hsa04810
122,WASF1,0.15579585290510486,hsa04810
123,APC,1.0,hsa04810
124,ABI2,0.16527120040749396,hsa04810
125,NCKAP1,0.15580874705055747,hsa04810
126,BAIAP2,0.46568842623686707,hsa04810
127,GSN,0.15594190423014462,hsa04810
128,VCL,0.22144675918892798,hsa04810
129,PXN,0.1558147375154604,hsa04810
130,SLC9A1,0.15576887571081052,hsa04810
131,GIT1,0.31083039985302174,hsa04810
132,ENAH,0.1558129053406723,hsa04810
133,DIAPH3,0.15589056887510883,hsa04810
134,CDC42,0.3274179971692152,hsa04810
135,RHOA,0.9309597598934364,hsa04810
136,ARHGEF6,0.7205877851054941,hsa04810
137,GNG12,0.4821900319514053,hsa04810
138,CRK,0.15594456346816002,hsa04810
139,BCAR1,0.16740663745578893,hsa04810
140,PTK2,0.15569602522487702,hsa04810
141,SRC,0.15585751506349205,hsa04810
142,FN1,0.7866176529087416,hsa04810
143,F2R,0.15612415105836577,hsa04810
144,CXCR4,0.644671559580377,hsa04810
145,RBX1,0.09870944715230322,shuffled_hsa04066_0
146,VEGFA,0.09869231439673459,shuffled_hsa04066_0
147,VHL,0.0987129518287239,shuffled_hsa04066_0
148,ARNT,0.40697733568734984,shuffled_hsa04066_0
149,EP300,0.4552487457304723,shuffled_hsa04066_0
150,HIF1A,0.9273568321706581,shuffled_hsa04066_0
151,SLC2A1,0.12180183222054734,shuffled_hsa04066_0
152,PDK1,0.11207629475044859,shuffled_hsa04066_0
153,GAPDH,0.09869097380593234,shuffled_hsa04066_0
154,PFKFB3,0.09869121501507686,shuffled_hsa04066_0
155,TF,0.11452033586532644,shuffled_hsa04066_0
156,TFRC,0.21945018561987711,shuffled_hsa04066_0
157,FLT1,1.0,shuffled_hsa04066_0
158,NOS3,0.2083209890308734,shuffled_hsa04066_0
159,TLR4,0.09868517510301794,shuffled_hsa04066_0
160,IFNG,0.098691399110164,shuffled_hsa04066_0
161,STAT3,0.09868815775037652,shuffled_hsa04066_0
162,EIF4EBP1,0.09868979187746997,shuffled_hsa04066_0
163,EIF4E,0.09867900415384463,shuffled_hsa04066_0
164,BCL2,0.33810245704255815,shuffled_hsa04066_0
165,RBX1,0.11778753578223576,shuffled_hsa04066_1
166,VEGFA,0.14316287148574347,shuffled_hsa04066_1
167,VHL,0.26320735874532825,shuffled_hsa04066_1
168,ARNT,0.9646249691032011,shuffled_hsa04066_1
169,EP300,0.4756085550604702,shuffled_hsa04066_1
170,HIF1A,0.944798402156514,shuffled_hsa04066_1
171,SLC2A1,0.11783804501702168,shuffled_hsa04066_1
172,PDK1,0.18562594778745728,shuffled_hsa04066_1
173,GAPDH,0.23543145600202317,shuffled_hsa04066_1
174,PFKFB3,0.18063352957679607,shuffled_hsa04066_1
175,TF,0.5714521510041493,shuffled_hsa04066_1
176,TFRC,0.13172839770445965,shuffled_hsa04066_1
177,FLT1,0.20628629847548735,shuffled_hsa04066_1
178,NOS3,0.11774398516197095,shuffled_hsa04066_1
179,TLR4,0.11778460446995434,shuffled_hsa04066_1
180,IFNG,0.9910573977331868,shuffled_hsa04066_1
181,STAT3,0.11780586320618835,shuffled_hsa04066_1
182,EIF4EBP1,0.11774779090419048,shuffled_hsa04066_1
183,EIF4E,0.11780363039194071,shuffled_hsa04066_1
184,BCL2,1.0,shuffled_hsa04066_1
185,RBX1,0.3565939863445883,shuffled_hsa04066_2
186,VEGFA,0.5161269340949132,shuffled_hsa04066_2
187,VHL,0.9097421780217898,shuffled_hsa04066_2
188,ARNT,0.6474936477143306,shuffled_hsa04066_2
189,EP300,1.0,shuffled_hsa04066_2
190,HIF1A,0.9100144445297315,shuffled_hsa04066_2
191,SLC2A1,0.18810473476191436,shuffled_hsa04066_2
192,PDK1,0.637078410898702,shuffled_hsa04066_2
193,GAPDH,0.36195469188398166,shuffled_hsa04066_2
194,PFKFB3,0.1810083577890181,shuffled_hsa04066_2
195,TF,0.18100090260822968,shuffled_hsa04066_2
196,TFRC,0.5252567718475589,shuffled_hsa04066_2
197,FLT1,0.3619704385523161,shuffled_hsa04066_2
198,NOS3,0.3619762510786466,shuffled_hsa04066_2
199,TLR4,0.18102437455802836,shuffled_hsa04066_2
200,IFNG,0.1810150402674016,shuffled_hsa04066_2
201,STAT3,0.2904498456905388,shuffled_hsa04066_2
202,EIF4EBP1,0.18100321079611448,shuffled_hsa04066_2
203,EIF4E,0.18102445927446859,shuffled_hsa04066_2
204,BCL2,0.22862456812860651,shuffled_hsa04066_2
205,RBX1,0.15025619369933477,shuffled_hsa04066_3
206,VEGFA,0.3003461332517373,shuffled_hsa04066_3
207,VHL,0.15315311104211543,shuffled_hsa04066_3
208,ARNT,0.8241370443565741,shuffled_hsa04066_3
209,EP300,0.9243617628540114,shuffled_hsa04066_3
210,HIF1A,1.0,shuffled_hsa04066_3
211,SLC2A1,0.24554238671906028,shuffled_hsa04066_3
212,PDK1,0.36889176217673736,shuffled_hsa04066_3
213,GAPDH,0.3003697377431962,shuffled_hsa04066_3
214,PFKFB3,0.9677192264811695,shuffled_hsa04066_3
215,TF,0.15024821944491426,shuffled_hsa04066_3
216,TFRC,0.689066697744229,shuffled_hsa04066_3
217,FLT1,0.1501995105143816,shuffled_hsa04066_3
218,NOS3,0.16818486053047482,shuffled_hsa04066_3
219,TLR4,0.1502273583518604,shuffled_hsa04066_3
220,IFNG,0.15024590613602593,shuffled_hsa04066_3
221,STAT3,0.15023543547190546,shuffled_hsa04066_3
222,EIF4EBP1,0.21564807361517638,shuffled_hsa04066_3
223,EIF4E,0.4341167654696107,shuffled_hsa04066_3
224,BCL2,0.3272050667111253,shuffled_hsa04066_3
225,RBX1,0.12121649060331827,shuffled_hsa04066_4
226,VEGFA,1.0,shuffled_hsa04066_4
227,VHL,0.2423316210498932,shuffled_hsa04066_4
228,ARNT,0.5592528610225344,shuffled_hsa04066_4
229,EP300,0.9788479821938164,shuffled_hsa04066_4
230,HIF1A,0.9262786364872381,shuffled_hsa04066_4
231,SLC2A1,0.16015765265644516,shuffled_hsa04066_4
232,PDK1,0.9669808305905455,shuffled_hsa04066_4
233,GAPDH,0.12125419907973599,shuffled_hsa04066_4
234,PFKFB3,0.12123581062414927,shuffled_hsa04066_4
235,TF,0.15750693533806204,shuffled_hsa04066_4
236,TFRC,0.15997779422257474,shuffled_hsa04066_4
237,FLT1,0.1211779735562586,shuffled_hsa04066_4
238,NOS3,0.12120323997586342,shuffled_hsa04066_4
239,TLR4,0.12118450334956095,shuffled_hsa04066_4
240,IFNG,0.2423373562227072,shuffled_hsa04066_4
241,STAT3,0.12125249110545797,shuffled_hsa04066_4
242,EIF4EBP1,0.121177844820114,shuffled_hsa04066_4
243,EIF4E,0.2116116989195325,shuffled_hsa04066_4
244,BCL2,0.12119127401850663,shuffled_hsa04066_4
245,RBX1,0.12130286822730732,shuffled_hsa04066_5
246,VEGFA,0.24252258582708125,shuffled_hsa04066_5
247,VHL,0.1213287437957837,shuffled_hsa04066_5
248,ARNT,0.7273042241986745,shuffled_hsa04066_5
249,EP300,0.5780568889995261,shuffled_hsa04066_5
250,HIF1A,0.9994907700244613,shuffled_hsa04066_5
251,SLC2A1,0.1213809180368878,shuffled_hsa04066_5
252,PDK1,0.24253234752445316,shuffled_hsa04066_5
253,GAPDH,0.12130136435578763,shuffled_hsa04066_5
254,PFKFB3,0.13928178916501513,shuffled_hsa04066_5
255,TF,0.12671576421109992,shuffled_hsa04066_5
256,TFRC,0.24254167265016746,shuffled_hsa04066_5
257,FLT1,0.12130897798592916,shuffled_hsa04066_5
258,NOS3,0.24258188550122903,shuffled_hsa04066_5
259,TLR4,1.0,shuffled_hsa04066_5
260,IFNG,0.12135732184382676,shuffled_hsa04066_5
261,STAT3,0.1213193513325386,shuffled_hsa04066_5
262,EIF4EBP1,0.1213327335444796,shuffled_hsa04066_5
263,EIF4E,0.12129879206211365,shuffled_hsa04066_5
264,BCL2,0.21579243001445456,shuffled_hsa04066_5
265,EIF4E,0.06309436305182826,shuffled_hsa04151_0
266,EIF4EBP1,0.06308571091043708,shuffled_hsa04151_0
267,EIF4B,0.06317353354960088,shuffled_hsa04151_0
268,RHEB,0.08248990768658918,shuffled_hsa04151_0
269,TSC2,0.17587924220673332,shuffled_hsa04151_0
270,TSC1,0.10668231110346076,shuffled_hsa04151_0
271,PDPK1,1.0,shuffled_hsa04151_0
272,PTEN,0.5600958624917247,shuffled_hsa04151_0
273,IRS1,0.7801729628274475,shuffled_hsa04151_0
274,GSK3B,0.6910198621300442,shuffled_hsa04151_0
275,MYC,0.06321385331227587,shuffled_hsa04151_0
276,CDKN1B,0.18977412617367156,shuffled_hsa04151_0
277,RBL2,0.06304278524894605,shuffled_hsa04151_0
278,BCL2L11,0.0631766613551217,shuffled_hsa04151_0
279,FOXO3,0.42615427387011934,shuffled_hsa04151_0
280,BAD,0.09575127617860553,shuffled_hsa04151_0
281,MDM2,0.13591920626762163,shuffled_hsa04151_0
282,BCL2L1,0.43255839222962594,shuffled_hsa04151_0
283,TP53,0.06319628022424119,shuffled_hsa04151_0
284,CCND1,0.679659997551902,shuffled_hsa04151_0
285,G6PC,0.11483748403006053,shuffled_hsa04151_0
286,GRB2,0.08223776568047599,shuffled_hsa04151_0
287,THEM4,0.28986001428408653,shuffled_hsa04151_0
288,CDC37,0.190887274748989,shuffled_hsa04151_0
289,NOS3,0.10414080257367227,shuffled_hsa04151_0
290,DDIT4,0.09446058689494555,shuffled_hsa04151_0
291,STK11,0.17648723437014838,shuffled_hsa04151_0
292,CRTC2,0.5430556751031597,shuffled_hsa04151_0
293,CDKN1A,0.12595937811657762,shuffled_hsa04151_0
294,CASP9,0.11788754297299106,shuffled_hsa04151_0
295,RAF1,0.2085902970496784,shuffled_hsa04151_0
296,CD19,0.12595780531344394,shuffled_hsa04151_0
297,SYK,0.09793001644472737,shuffled_hsa04151_0
298,PTK2,0.291058954396109,shuffled_hsa04151_0
299,RAC1,0.34158617348081133,shuffled_hsa04151_0
300,BRCA1,0.15010058602722817,shuffled_hsa04151_0
301,BCL2,0.24833554992667728,shuffled_hsa04151_0
302,MCL1,0.0630853458087379,shuffled_hsa04151_0
303,MYB,0.16590183146149676,shuffled_hsa04151_0
304,PIK3AP1,0.10537685656653795,shuffled_hsa04151_0
305,NR4A1,0.11247092410304715,shuffled_hsa04151_0
306,EIF4E,0.06325862079563661,shuffled_hsa04151_1
307,EIF4EBP1,0.06319561064491852,shuffled_hsa04151_1
308,EIF4B,0.06336359757810509,shuffled_hsa04151_1
309,RHEB,0.06322941896993553,shuffled_hsa04151_1
310,TSC2,0.11042795446523518,shuffled_hsa04151_1
311,TSC1,0.11780778960742745,shuffled_hsa04151_1
312,PDPK1,1.0,shuffled_hsa04151_1
313,PTEN,0.3743747901749663,shuffled_hsa04151_1
314,IRS1,0.35870300114487697,shuffled_hsa04151_1
315,GSK3B,0.4256733233804127,shuffled_hsa04151_1
316,MYC,0.06320498157893606,shuffled_hsa04151_1
317,CDKN1B,0.3023752954655085,shuffled_hsa04151_1
318,RBL2,0.12623747447104872,shuffled_hsa04151_1
319,BCL2L11,0.06326552101060652,shuffled_hsa04151_1
320,FOXO3,0.2033923549931892,shuffled_hsa04151_1
321,BAD,0.06324118145692588,shuffled_hsa04151_1
322,MDM2,0.08812214111709339,shuffled_hsa04151_1
323,BCL2L1,0.16400891494722913,shuffled_hsa04151_1
324,TP53,0.12626136780533553,shuffled_hsa04151_1
325,CCND1,0.06319246750435534,shuffled_hsa04151_1
326,G6PC,0.06319664335142718,shuffled_hsa04151_1
327,GRB2,0.40756138185632196,shuffled_hsa04151_1
328,THEM4,0.31327966939668367,shuffled_hsa04151_1
329,CDC37,0.2748346149425984,shuffled_hsa04151_1
330,NOS3,0.266577060417949,shuffled_hsa04151_1
331,DDIT4,0.0631835864104256,shuffled_hsa04151_1
332,STK11,0.06329534895313793,shuffled_hsa04151_1
333,CRTC2,0.999979829805134,shuffled_hsa04151_1
334,CDKN1A,0.5408121934566458,shuffled_hsa04151_1
335,CASP9,0.20446746270679383,shuffled_hsa04151_1
336,RAF1,0.06332325375753173,shuffled_hsa04151_1
337,CD19,0.3069034606272723,shuffled_hsa04151_1
338,SYK,0.06317092056196981,shuffled_hsa04151_1
339,PTK2,0.27630706117655585,shuffled_hsa04151_1
340,RAC1,0.2337089793417243,shuffled_hsa04151_1
341,BRCA1,0.06321859074531956,shuffled_hsa04151_1
342,BCL2,0.6016514269356775,shuffled_hsa04151_1
343,MCL1,0.12618582299499018,shuffled_hsa04151_1
344,MYB,0.18917291638375966,shuffled_hsa04151_1
345,PIK3AP1,0.1262990359199406,shuffled_hsa04151_1
346,NR4A1,0.144236633605738,shuffled_hsa04151_1
347,EIF4E,0.09776476041203874,shuffled_hsa04151_2
348,EIF4EBP1,0.5396018803548874,shuffled_hsa04151_2
349,EIF4B,0.1427101955424505,shuffled_hsa04151_2
350,RHEB,0.09777304403597185,shuffled_hsa04151_2
351,TSC2,0.5269957755475085,shuffled_hsa04151_2
352,TSC1,0.8180911816628409,shuffled_hsa04151_2
353,PDPK1,0.27608014499551176,shuffled_hsa04151_2
354,PTEN,0.857727076650313,shuffled_hsa04151_2
355,IRS1,0.18425598066025034,shuffled_hsa04151_2
356,GSK3B,0.19546903502047705,shuffled_hsa04151_2
357,MYC,0.09775783477763039,shuffled_hsa04151_2
358,CDKN1B,0.43709256260163254,shuffled_hsa04151_2
359,RBL2,0.0977578698752787,shuffled_hsa04151_2
360,BCL2L11,0.09777499228110172,shuffled_hsa04151_2
361,FOXO3,0.436046287666245,shuffled_hsa04151_2
362,BAD,0.09775037518858677,shuffled_hsa04151_2
363,MDM2,0.14096792993514415,shuffled_hsa04151_2
364,BCL2L1,0.19544991801891837,shuffled_hsa04151_2
365,TP53,0.0977594384145102,shuffled_hsa04151_2
366,CCND1,0.14500801296009586,shuffled_hsa04151_2
367,G6PC,0.1248600083213564,shuffled_hsa04151_2
368,GRB2,0.09776055636506696,shuffled_hsa04151_2
369,THEM4,0.2931523958448617,shuffled_hsa04151_2
370,CDC37,0.4885085699990154,shuffled_hsa04151_2
371,NOS3,0.19545924697384112,shuffled_hsa04151_2
372,DDIT4,0.23321607035230943,shuffled_hsa04151_2
373,STK11,0.09775220923971863,shuffled_hsa04151_2
374,CRTC2,0.10419884056856028,shuffled_hsa04151_2
375,CDKN1A,0.22256184031438747,shuffled_hsa04151_2
376,CASP9,0.12142599152372474,shuffled_hsa04151_2
377,RAF1,0.19549556363223203,shuffled_hsa04151_2
378,CD19,0.3386165672702346,shuffled_hsa04151_2
379,SYK,0.33861479726326504,shuffled_hsa04151_2
380,PTK2,0.24272347188645957,shuffled_hsa04151_2
381,RAC1,0.5445153125276173,shuffled_hsa04151_2
382,BRCA1,0.12140001745481305,shuffled_hsa04151_2
383,BCL2,0.13258520059159554,shuffled_hsa04151_2
384,MCL1,1.0,shuffled_hsa04151_2
385,MYB,0.48860367091254314,shuffled_hsa04151_2
386,PIK3AP1,0.09775367910752027,shuffled_hsa04151_2
387,NR4A1,0.09773858230638602,shuffled_hsa04151_2
388,EIF4E,0.0775801665941134,shuffled_hsa04151_3
389,EIF4EBP1,0.5142359598757588,shuffled_hsa04151_3
390,EIF4B,0.07754320818446626,shuffled_hsa04151_3
391,RHEB,0.09611364092402884,shuffled_hsa04151_3
392,TSC2,0.15493355009718038,shuffled_hsa04151_3
393,TSC1,0.20381178482681825,shuffled_hsa04151_3
394,PDPK1,1.0,shuffled_hsa04151_3
395,PTEN,0.3787906016454033,shuffled_hsa04151_3
396,IRS1,0.27777725782879464,shuffled_hsa04151_3
397,GSK3B,0.6472369929171335,shuffled_hsa04151_3
398,MYC,0.07748346604821095,shuffled_hsa04151_3
399,CDKN1B,0.15489052153219923,shuffled_hsa04151_3
400,RBL2,0.07758596964438337,shuffled_hsa04151_3
401,BCL2L11,0.0775312932177208,shuffled_hsa04151_3
402,FOXO3,0.45407074166724903,shuffled_hsa04151_3
403,BAD,0.17757197169380756,shuffled_hsa04151_3
404,MDM2,0.11525535556107917,shuffled_hsa04151_3
405,BCL2L1,0.20761893468284623,shuffled_hsa04151_3
406,TP53,0.07753050242163585,shuffled_hsa04151_3
407,CCND1,0.07756647180592216,shuffled_hsa04151_3
408,G6PC,0.07759495797771661,shuffled_hsa04151_3
409,GRB2,0.18090040745033084,shuffled_hsa04151_3
410,THEM4,0.28433791963982985,shuffled_hsa04151_3
411,CDC37,0.23862225676274043,shuffled_hsa04151_3
412,NOS3,0.07752032800882494,shuffled_hsa04151_3
413,DDIT4,0.11920400795771764,shuffled_hsa04151_3
414,STK11,0.07756896947760165,shuffled_hsa04151_3
415,CRTC2,0.21252934037989418,shuffled_hsa04151_3
416,CDKN1A,0.07752183347361527,shuffled_hsa04151_3
417,CASP9,0.3803469358055164,shuffled_hsa04151_3
418,RAF1,0.07747064554972534,shuffled_hsa04151_3
419,CD19,0.07750282238031948,shuffled_hsa04151_3
420,SYK,0.9992215553244346,shuffled_hsa04151_3
421,PTK2,0.46590218492575797,shuffled_hsa04151_3
422,RAC1,0.3621431967009835,shuffled_hsa04151_3
423,BRCA1,0.07762556290403783,shuffled_hsa04151_3
424,BCL2,0.07754312042014541,shuffled_hsa04151_3
425,MCL1,0.5040329450968728,shuffled_hsa04151_3
426,MYB,0.07757064379269053,shuffled_hsa04151_3
427,PIK3AP1,0.2790543214773097,shuffled_hsa04151_3
428,NR4A1,0.15493714281650117,shuffled_hsa04151_3
429,EIF4E,0.07256303045155969,shuffled_hsa04151_4
430,EIF4EBP1,0.07264098236555164,shuffled_hsa04151_4
431,EIF4B,0.07263281168727778,shuffled_hsa04151_4
432,RHEB,0.07253499296124184,shuffled_hsa04151_4
433,TSC2,0.3398351163007826,shuffled_hsa04151_4
434,TSC1,0.16460862876133053,shuffled_hsa04151_4
435,PDPK1,0.399984307935242,shuffled_hsa04151_4
436,PTEN,0.6663776488416359,shuffled_hsa04151_4
437,IRS1,0.944981063233563,shuffled_hsa04151_4
438,GSK3B,0.16736218018955767,shuffled_hsa04151_4
439,MYC,0.09421942087244864,shuffled_hsa04151_4
440,CDKN1B,0.2072054825289778,shuffled_hsa04151_4
441,RBL2,0.07248390521818127,shuffled_hsa04151_4
442,BCL2L11,0.07262812237854077,shuffled_hsa04151_4
443,FOXO3,0.2709811025162982,shuffled_hsa04151_4
444,BAD,0.072599189894976,shuffled_hsa04151_4
445,MDM2,0.14498438190338367,shuffled_hsa04151_4
446,BCL2L1,0.1273731856604583,shuffled_hsa04151_4
447,TP53,0.0726158011573523,shuffled_hsa04151_4
448,CCND1,0.07255485851292083,shuffled_hsa04151_4
449,G6PC,0.0725839008627727,shuffled_hsa04151_4
450,GRB2,0.14310206082674623,shuffled_hsa04151_4
451,THEM4,0.2759856272044692,shuffled_hsa04151_4
452,CDC37,0.1104253080779797,shuffled_hsa04151_4
453,NOS3,1.0,shuffled_hsa04151_4
454,DDIT4,0.07246746249610625,shuffled_hsa04151_4
455,STK11,0.07260167080284825,shuffled_hsa04151_4
456,CRTC2,0.9449878419325273,shuffled_hsa04151_4
457,CDKN1A,0.14494506666685036,shuffled_hsa04151_4
458,CASP9,0.20659426100307646,shuffled_hsa04151_4
459,RAF1,0.07267118009470068,shuffled_hsa04151_4
460,CD19,0.1622225353607759,shuffled_hsa04151_4
461,SYK,0.07258116729193799,shuffled_hsa04151_4
462,PTK2,0.35137731651529125,shuffled_hsa04151_4
463,RAC1,0.23336705461223511,shuffled_hsa04151_4
464,BRCA1,0.10418066184143535,shuffled_hsa04151_4
465,BCL2,0.2857041919143641,shuffled_hsa04151_4
466,MCL1,0.07261588796164117,shuffled_hsa04151_4
467,MYB,0.11172838587821286,shuffled_hsa04151_4
468,PIK3AP1,0.12548517140775214,shuffled_hsa04151_4
469,NR4A1,0.0726854804644013,shuffled_hsa04151_4
470,EIF4E,0.921955914603192,shuffled_hsa04151_5
471,EIF4EBP1,0.05807399673976511,shuffled_hsa04151_5
472,EIF4B,0.05806740199554779,shuffled_hsa04151_5
473,RHEB,0.058025200042924156,shuffled_hsa04151_5
474,TSC2,0.09596351153050285,shuffled_hsa04151_5
475,TSC1,0.10190339140509282,shuffled_hsa04151_5
476,PDPK1,0.13589574163789084,shuffled_hsa04151_5
477,PTEN,0.0772074345251913,shuffled_hsa04151_5
478,IRS1,0.2615059567063591,shuffled_hsa04151_5
479,GSK3B,0.14856535682497293,shuffled_hsa04151_5
480,MYC,0.05805402312328674,shuffled_hsa04151_5
481,CDKN1B,0.2309302962332754,shuffled_hsa04151_5
482,RBL2,0.058145493965464166,shuffled_hsa04151_5
483,BCL2L11,0.058099222880167056,shuffled_hsa04151_5
484,FOXO3,0.3871107544740916,shuffled_hsa04151_5
485,BAD,0.37017302603010993,shuffled_hsa04151_5
486,MDM2,0.05806444273369118,shuffled_hsa04151_5
487,BCL2L1,0.7070657143931138,shuffled_hsa04151_5
488,TP53,0.05806259733645999,shuffled_hsa04151_5
489,CCND1,0.05804017253069885,shuffled_hsa04151_5
490,G6PC,0.058042243041312835,shuffled_hsa04151_5
491,GRB2,0.8005455640568222,shuffled_hsa04151_5
492,THEM4,0.2665415177086547,shuffled_hsa04151_5
493,CDC37,0.12954629050898117,shuffled_hsa04151_5
494,NOS3,0.3744116510227968,shuffled_hsa04151_5
495,DDIT4,0.058061521563320756,shuffled_hsa04151_5
496,STK11,0.05808187714679325,shuffled_hsa04151_5
497,CRTC2,0.15095104522063568,shuffled_hsa04151_5
498,CDKN1A,0.0581029600972862,shuffled_hsa04151_5
499,CASP9,0.05816295790268883,shuffled_hsa04151_5
500,RAF1,0.058042913786434176,shuffled_hsa04151_5
501,CD19,0.09376986374581107,shuffled_hsa04151_5
502,SYK,0.05804529334482752,shuffled_hsa04151_5
503,PTK2,0.31810669322225466,shuffled_hsa04151_5
504,RAC1,1.0,shuffled_hsa04151_5
505,BRCA1,0.05806248022768569,shuffled_hsa04151_5
506,BCL2,0.28892139247906035,shuffled_hsa04151_5
507,MCL1,0.24705606801797747,shuffled_hsa04151_5
508,MYB,0.11604513740562655,shuffled_hsa04151_5
509,PIK3AP1,0.1904330351423583,shuffled_hsa04151_5
510,NR4A1,0.05807084946829577,shuffled_hsa04151_5
511,ALCAM,0.233079372291226,shuffled_hsa04514_0
512,SPN,0.23294680400616555,shuffled_hsa04514_0
513,PTPRC,0.23286446094758584,shuffled_hsa04514_0
514,CD22,0.7571588299943957,shuffled_hsa04514_0
515,ITGB1,0.23299684501170226,shuffled_hsa04514_0
516,ITGAL,0.26859424135283505,shuffled_hsa04514_0
517,MAG,0.23294910035166752,shuffled_hsa04514_0
518,MPZ,0.23293872997855763,shuffled_hsa04514_0
519,CNTNAP2,0.23304443654184537,shuffled_hsa04514_0
520,CNTNAP1,0.23296082055874398,shuffled_hsa04514_0
521,NEGR1,0.23299889977714447,shuffled_hsa04514_0
522,CADM1,0.23303142274029562,shuffled_hsa04514_0
523,CD226,0.3202286504847977,shuffled_hsa04514_0
524,GLG1,0.999614025170122,shuffled_hsa04514_0
525,SELPLG,0.35969194297119655,shuffled_hsa04514_0
526,SELL,0.6232295839879572,shuffled_hsa04514_0
527,MADCAM1,0.7625079387395449,shuffled_hsa04514_0
528,ITGB7,0.4688182521776088,shuffled_hsa04514_0
529,ITGA4,0.6984932570802869,shuffled_hsa04514_0
530,PECAM1,0.23304907083112678,shuffled_hsa04514_0
531,CD58,0.2330360719291673,shuffled_hsa04514_0
532,ICAM3,0.2330158044387151,shuffled_hsa04514_0
533,ICAM1,0.5350194994170112,shuffled_hsa04514_0
534,ICAM2,1.0,shuffled_hsa04514_0
535,JAM3,0.623512746564525,shuffled_hsa04514_0
536,F11R,0.7571350599806387,shuffled_hsa04514_0
537,ESAM,0.2329512971369024,shuffled_hsa04514_0
538,CD86,0.23303265854502908,shuffled_hsa04514_0
539,CD80,0.2329624968056969,shuffled_hsa04514_0
540,CD28,0.6026555240476278,shuffled_hsa04514_0
541,OCLN,0.23305609232757252,shuffled_hsa04514_0
542,ICOSLG,0.602581124106962,shuffled_hsa04514_0
543,TIGIT,0.2330707064140029,shuffled_hsa04514_0
544,NTNG1,0.23306811397144378,shuffled_hsa04514_0
545,NTNG2,0.4654948314201578,shuffled_hsa04514_0
546,LRRC4,0.4656095380248868,shuffled_hsa04514_0
547,ALCAM,0.17161225170465802,shuffled_hsa04514_1
548,SPN,0.17154193235324164,shuffled_hsa04514_1
549,PTPRC,0.3429054678363339,shuffled_hsa04514_1
550,CD22,1.0,shuffled_hsa04514_1
551,ITGB1,0.25870479418512193,shuffled_hsa04514_1
552,ITGAL,0.8364682184210246,shuffled_hsa04514_1
553,MAG,0.17162041244663398,shuffled_hsa04514_1
554,MPZ,0.17162446331454312,shuffled_hsa04514_1
555,CNTNAP2,0.17168895158861228,shuffled_hsa04514_1
556,CNTNAP1,0.17171547898066145,shuffled_hsa04514_1
557,NEGR1,0.1716979794038715,shuffled_hsa04514_1
558,CADM1,0.1716881793693139,shuffled_hsa04514_1
559,CD226,0.5830631064645015,shuffled_hsa04514_1
560,GLG1,0.34292668518175456,shuffled_hsa04514_1
561,SELPLG,0.27011873402005815,shuffled_hsa04514_1
562,SELL,0.1716427455794657,shuffled_hsa04514_1
563,MADCAM1,0.5569895802645631,shuffled_hsa04514_1
564,ITGB7,0.3430291232979822,shuffled_hsa04514_1
565,ITGA4,0.21979757330857658,shuffled_hsa04514_1
566,PECAM1,0.1716357729550299,shuffled_hsa04514_1
567,CD58,0.17165498770758938,shuffled_hsa04514_1
568,ICAM3,0.17162526979548143,shuffled_hsa04514_1
569,ICAM1,0.9897947620350531,shuffled_hsa04514_1
570,ICAM2,0.7308906629408337,shuffled_hsa04514_1
571,JAM3,0.19386997085979177,shuffled_hsa04514_1
572,F11R,0.45216840943127296,shuffled_hsa04514_1
573,ESAM,0.1717136506145847,shuffled_hsa04514_1
574,CD86,0.7354529412173317,shuffled_hsa04514_1
575,CD80,0.1715990614808172,shuffled_hsa04514_1
576,CD28,0.2978130665530376,shuffled_hsa04514_1
577,OCLN,0.17164378605471625,shuffled_hsa04514_1
578,ICOSLG,0.34295602837303635,shuffled_hsa04514_1
579,TIGIT,0.17161833371679502,shuffled_hsa04514_1
580,NTNG1,0.1715971876228962,shuffled_hsa04514_1
581,NTNG2,0.3430296429328562,shuffled_hsa04514_1
582,LRRC4,0.17166729734383346,shuffled_hsa04514_1
583,ALCAM,0.16669772095110796,shuffled_hsa04514_2
584,SPN,0.16672975943756452,shuffled_hsa04514_2
585,PTPRC,0.16674312863110255,shuffled_hsa04514_2
586,CD22,0.24927373324193142,shuffled_hsa04514_2
587,ITGB1,0.292951326892326,shuffled_hsa04514_2
588,ITGAL,0.21663342286485676,shuffled_hsa04514_2
589,MAG,0.16672516246731786,shuffled_hsa04514_2
590,MPZ,0.1667976792090757,shuffled_hsa04514_2
591,CNTNAP2,0.16674744801144134,shuffled_hsa04514_2
592,CNTNAP1,0.16676434123444284,shuffled_hsa04514_2
593,NEGR1,0.16669855920728546,shuffled_hsa04514_2
594,CADM1,0.16669132910905193,shuffled_hsa04514_2
595,CD226,0.6378052573650459,shuffled_hsa04514_2
596,GLG1,0.34859803356035435,shuffled_hsa04514_2
597,SELPLG,0.2914413008568505,shuffled_hsa04514_2
598,SELL,0.1930271583584143,shuffled_hsa04514_2
599,MADCAM1,0.44528832657971607,shuffled_hsa04514_2
600,ITGB7,0.4271868728837004,shuffled_hsa04514_2
601,ITGA4,0.8111118345894404,shuffled_hsa04514_2
602,PECAM1,0.16686514761187607,shuffled_hsa04514_2
603,CD58,0.16679347134553543,shuffled_hsa04514_2
604,ICAM3,1.0,shuffled_hsa04514_2
605,ICAM1,0.860706076566504,shuffled_hsa04514_2
606,ICAM2,0.4995929444214749,shuffled_hsa04514_2
607,JAM3,0.6817957252328778,shuffled_hsa04514_2
608,F11R,0.3332756935119548,shuffled_hsa04514_2
609,ESAM,0.16672945207285642,shuffled_hsa04514_2
610,CD86,0.2914638918546701,shuffled_hsa04514_2
611,CD80,0.33311972016270247,shuffled_hsa04514_2
612,CD28,0.33319598100853426,shuffled_hsa04514_2
613,OCLN,0.16670735004753282,shuffled_hsa04514_2
614,ICOSLG,0.1666873209770909,shuffled_hsa04514_2
615,TIGIT,0.1667369337465761,shuffled_hsa04514_2
616,NTNG1,0.16677996733318137,shuffled_hsa04514_2
617,NTNG2,0.24935035594713695,shuffled_hsa04514_2
618,LRRC4,0.1667562349680191,shuffled_hsa04514_2
619,ALCAM,0.14311301072870944,shuffled_hsa04514_3
620,SPN,0.14312406449988496,shuffled_hsa04514_3
621,PTPRC,0.14309066407380758,shuffled_hsa04514_3
622,CD22,0.5179528695481127,shuffled_hsa04514_3
623,ITGB1,0.9556518383186705,shuffled_hsa04514_3
624,ITGAL,0.5179153925175495,shuffled_hsa04514_3
625,MAG,0.14314052306112454,shuffled_hsa04514_3
626,MPZ,0.14305022495716974,shuffled_hsa04514_3
627,CNTNAP2,0.14313668504017923,shuffled_hsa04514_3
628,CNTNAP1,0.1431088644535975,shuffled_hsa04514_3
629,NEGR1,0.14315433900546976,shuffled_hsa04514_3
630,CADM1,0.14312543368374328,shuffled_hsa04514_3
631,CD226,0.18333062556091398,shuffled_hsa04514_3
632,GLG1,0.1431401678308638,shuffled_hsa04514_3
633,SELPLG,0.14310607810466766,shuffled_hsa04514_3
634,SELL,0.2859085448465997,shuffled_hsa04514_3
635,MADCAM1,0.18515120942539137,shuffled_hsa04514_3
636,ITGB7,0.14781229333962143,shuffled_hsa04514_3
637,ITGA4,0.4990373831000118,shuffled_hsa04514_3
638,PECAM1,0.14315291692060467,shuffled_hsa04514_3
639,CD58,0.14310351727272988,shuffled_hsa04514_3
640,ICAM3,0.15410229721686264,shuffled_hsa04514_3
641,ICAM1,0.16894404228726118,shuffled_hsa04514_3
642,ICAM2,0.28597653888096314,shuffled_hsa04514_3
643,JAM3,0.5824539028036744,shuffled_hsa04514_3
644,F11R,1.0,shuffled_hsa04514_3
645,ESAM,0.14319737148816464,shuffled_hsa04514_3
646,CD86,0.1432026514318526,shuffled_hsa04514_3
647,CD80,0.14308428574651522,shuffled_hsa04514_3
648,CD28,0.46546622992075787,shuffled_hsa04514_3
649,OCLN,0.14304500844178902,shuffled_hsa04514_3
650,ICOSLG,0.46550871630635937,shuffled_hsa04514_3
651,TIGIT,0.14312901127303204,shuffled_hsa04514_3
652,NTNG1,0.14314297163712592,shuffled_hsa04514_3
653,NTNG2,0.14314959013498924,shuffled_hsa04514_3
654,LRRC4,0.18027529934590297,shuffled_hsa04514_3
655,ALCAM,0.1481374288216095,shuffled_hsa04514_4
656,SPN,0.14813918372539986,shuffled_hsa04514_4
657,PTPRC,0.14819157483580167,shuffled_hsa04514_4
658,CD22,0.1889040055449511,shuffled_hsa04514_4
659,ITGB1,0.9861186224349417,shuffled_hsa04514_4
660,ITGAL,0.6724594414762256,shuffled_hsa04514_4
661,MAG,0.148089899365185,shuffled_hsa04514_4
662,MPZ,0.14811371090324127,shuffled_hsa04514_4
663,CNTNAP2,0.14817300693099977,shuffled_hsa04514_4
664,CNTNAP1,0.1481573520219543,shuffled_hsa04514_4
665,NEGR1,0.14819173283955597,shuffled_hsa04514_4
666,CADM1,0.14817737590452504,shuffled_hsa04514_4
667,CD226,0.706329913357183,shuffled_hsa04514_4
668,GLG1,0.541760347850834,shuffled_hsa04514_4
669,SELPLG,0.2960402219586415,shuffled_hsa04514_4
670,SELL,0.14812154840408726,shuffled_hsa04514_4
671,MADCAM1,0.18067686640072456,shuffled_hsa04514_4
672,ITGB7,0.20227952779467523,shuffled_hsa04514_4
673,ITGA4,0.6597382306756175,shuffled_hsa04514_4
674,PECAM1,0.1481284956966712,shuffled_hsa04514_4
675,CD58,0.14817102476678526,shuffled_hsa04514_4
676,ICAM3,0.3364212504144049,shuffled_hsa04514_4
677,ICAM1,0.20650200402758703,shuffled_hsa04514_4
678,ICAM2,0.743070345611671,shuffled_hsa04514_4
679,JAM3,0.5810883154474075,shuffled_hsa04514_4
680,F11R,0.33259045990397906,shuffled_hsa04514_4
681,ESAM,0.14813021391906342,shuffled_hsa04514_4
682,CD86,0.392465337701119,shuffled_hsa04514_4
683,CD80,0.1481360605507063,shuffled_hsa04514_4
684,CD28,0.366843089760594,shuffled_hsa04514_4
685,OCLN,0.14814544901771812,shuffled_hsa04514_4
686,ICOSLG,0.1892112206865614,shuffled_hsa04514_4
687,TIGIT,0.14814065727739092,shuffled_hsa04514_4
688,NTNG1,0.14811403254983044,shuffled_hsa04514_4
689,NTNG2,1.0,shuffled_hsa04514_4
690,LRRC4,0.2959631708201683,shuffled_hsa04514_4
691,ALCAM,0.12121244081919127,shuffled_hsa04514_5
692,SPN,0.12123899741539727,shuffled_hsa04514_5
693,PTPRC,0.1212554308960784,shuffled_hsa04514_5
694,CD22,0.12125465615595943,shuffled_hsa04514_5
695,ITGB1,0.4823205408671238,shuffled_hsa04514_5
696,ITGAL,0.45711339293403286,shuffled_hsa04514_5
697,MAG,0.12121860140812966,shuffled_hsa04514_5
698,MPZ,0.12122313583606742,shuffled_hsa04514_5
699,CNTNAP2,0.12120839179706305,shuffled_hsa04514_5
700,CNTNAP1,0.1212965322330122,shuffled_hsa04514_5
701,NEGR1,0.12129390890838294,shuffled_hsa04514_5
702,CADM1,0.12124566317415242,shuffled_hsa04514_5
703,CD226,0.4293603987756109,shuffled_hsa04514_5
704,GLG1,0.2422567982133893,shuffled_hsa04514_5
705,SELPLG,0.24224681089138322,shuffled_hsa04514_5
706,SELL,0.12120275170513059,shuffled_hsa04514_5
707,MADCAM1,0.6066123956936336,shuffled_hsa04514_5
708,ITGB7,0.2827822307553488,shuffled_hsa04514_5
709,ITGA4,1.0,shuffled_hsa04514_5
710,PECAM1,0.12127557808301055,shuffled_hsa04514_5
711,CD58,0.12128655795256194,shuffled_hsa04514_5
712,ICAM3,0.12124223199012682,shuffled_hsa04514_5
713,ICAM1,0.32996424012488357,shuffled_hsa04514_5
714,ICAM2,0.3633111175635431,shuffled_hsa04514_5
715,JAM3,0.3854743267170159,shuffled_hsa04514_5
716,F11R,0.4991926567534506,shuffled_hsa04514_5
717,ESAM,0.12122132722773503,shuffled_hsa04514_5
718,CD86,0.24225147707936892,shuffled_hsa04514_5
719,CD80,0.12125149508003226,shuffled_hsa04514_5
720,CD28,0.5709263673333574,shuffled_hsa04514_5
721,OCLN,0.1212147939012731,shuffled_hsa04514_5
722,ICOSLG,0.13082219423437827,shuffled_hsa04514_5
723,TIGIT,0.12122205630000067,shuffled_hsa04514_5
724,NTNG1,0.12123816038056177,shuffled_hsa04514_5
725,NTNG2,0.24221978641255776,shuffled_hsa04514_5
726,LRRC4,0.12121892009714373,shuffled_hsa04514_5
727,PECAM1,0.06638588169181726,shuffled_hsa04670_0
728,CTNND1,0.06637065108629142,shuffled_hsa04670_0
729,BCAR1,0.06635338066336019,shuffled_hsa04670_0
730,SIPA1,0.06635774614809609,shuffled_hsa04670_0
731,F11R,0.06633797889653659,shuffled_hsa04670_0
732,ITGAL,0.1040726743184052,shuffled_hsa04670_0
733,ITGB1,0.06636066077627142,shuffled_hsa04670_0
734,ITGA4,0.22831386218836355,shuffled_hsa04670_0
735,CTNNB1,0.066368559068496,shuffled_hsa04670_0
736,PTK2,0.06632711031372643,shuffled_hsa04670_0
737,RHOA,0.9814797249359007,shuffled_hsa04670_0
738,JAM3,0.2041937131355545,shuffled_hsa04670_0
739,CYBA,0.06636897954435654,shuffled_hsa04670_0
740,NCF2,0.06632743795342763,shuffled_hsa04670_0
741,PXN,0.0663439966242861,shuffled_hsa04670_0
742,NCF1,0.0663330381762701,shuffled_hsa04670_0
743,RAC1,0.47842975013570826,shuffled_hsa04670_0
744,NCF4,0.06636047952355302,shuffled_hsa04670_0
745,RAC2,1.0,shuffled_hsa04670_0
746,RASSF5,0.27873969003017407,shuffled_hsa04670_0
747,PTK2B,0.1907846464568887,shuffled_hsa04670_0
748,CXCR4,0.35681334885569427,shuffled_hsa04670_0
749,ICAM1,0.20730257626137252,shuffled_hsa04670_0
750,CDC42,0.10399242891278439,shuffled_hsa04670_0
751,PECAM1,0.18721692181266042,shuffled_hsa04670_1
752,CTNND1,0.17069663784881156,shuffled_hsa04670_1
753,BCAR1,0.17065020914806867,shuffled_hsa04670_1
754,SIPA1,0.17066013116681725,shuffled_hsa04670_1
755,F11R,0.597561518253111,shuffled_hsa04670_1
756,ITGAL,0.34111683818671623,shuffled_hsa04670_1
757,ITGB1,0.17064718977659152,shuffled_hsa04670_1
758,ITGA4,0.9886653845427039,shuffled_hsa04670_1
759,CTNNB1,0.17063488731691592,shuffled_hsa04670_1
760,PTK2,0.37730915593199604,shuffled_hsa04670_1
761,RHOA,0.5728552394747083,shuffled_hsa04670_1
762,JAM3,0.1866171656800441,shuffled_hsa04670_1
763,CYBA,0.1706585745352477,shuffled_hsa04670_1
764,NCF2,0.1707373061982196,shuffled_hsa04670_1
765,PXN,0.17071763024384565,shuffled_hsa04670_1
766,NCF1,0.3411924777390081,shuffled_hsa04670_1
767,RAC1,0.6901777839144547,shuffled_hsa04670_1
768,NCF4,0.17070757878467527,shuffled_hsa04670_1
769,RAC2,0.6901814528242824,shuffled_hsa04670_1
770,RASSF5,1.0,shuffled_hsa04670_1
771,PTK2B,0.5116693883882103,shuffled_hsa04670_1
772,CXCR4,0.7746237797519552,shuffled_hsa04670_1
773,ICAM1,0.17066603263978272,shuffled_hsa04670_1
774,CDC42,0.6834409905495887,shuffled_hsa04670_1
775,PECAM1,0.4003295795628751,shuffled_hsa04670_2
776,CTNND1,0.1336166147664795,shuffled_hsa04670_2
777,BCAR1,0.1877458151192605,shuffled_hsa04670_2
778,SIPA1,0.5048017098481731,shuffled_hsa04670_2
779,F11R,0.2669721671846032,shuffled_hsa04670_2
780,ITGAL,0.4003619870685862,shuffled_hsa04670_2
781,ITGB1,0.13508535176886177,shuffled_hsa04670_2
782,ITGA4,0.13360842300712936,shuffled_hsa04670_2
783,CTNNB1,0.13356578631348068,shuffled_hsa04670_2
784,PTK2,0.37802564970755315,shuffled_hsa04670_2
785,RHOA,0.24484234449032244,shuffled_hsa04670_2
786,JAM3,0.3560409186280152,shuffled_hsa04670_2
787,CYBA,0.1335724823874042,shuffled_hsa04670_2
788,NCF2,0.13354577289327385,shuffled_hsa04670_2
789,PXN,0.13358253539147397,shuffled_hsa04670_2
790,NCF1,0.13357382871673654,shuffled_hsa04670_2
791,RAC1,0.5351515768144617,shuffled_hsa04670_2
792,NCF4,0.13361660093263686,shuffled_hsa04670_2
793,RAC2,0.9362987223495111,shuffled_hsa04670_2
794,RASSF5,0.5398330779313161,shuffled_hsa04670_2
795,PTK2B,1.0,shuffled_hsa04670_2
796,CXCR4,0.7952302549152843,shuffled_hsa04670_2
797,ICAM1,0.4998598632230465,shuffled_hsa04670_2
798,CDC42,0.1335900793317341,shuffled_hsa04670_2
799,PECAM1,0.1218880973449418,shuffled_hsa04670_3
800,CTNND1,0.11883769811581395,shuffled_hsa04670_3
801,BCAR1,0.11893465876049374,shuffled_hsa04670_3
802,SIPA1,0.23757230264361376,shuffled_hsa04670_3
803,F11R,0.3843128994585412,shuffled_hsa04670_3
804,ITGAL,0.23749165628050398,shuffled_hsa04670_3
805,ITGB1,0.11882850784356863,shuffled_hsa04670_3
806,ITGA4,0.18681730869308824,shuffled_hsa04670_3
807,CTNNB1,0.11880307295931432,shuffled_hsa04670_3
808,PTK2,0.6543424124072595,shuffled_hsa04670_3
809,RHOA,0.2923456809692689,shuffled_hsa04670_3
810,JAM3,0.1188567067852437,shuffled_hsa04670_3
811,CYBA,0.11882632461490526,shuffled_hsa04670_3
812,NCF2,0.11881004514613802,shuffled_hsa04670_3
813,PXN,0.11890817896468935,shuffled_hsa04670_3
814,NCF1,0.11879886491782254,shuffled_hsa04670_3
815,RAC1,0.7809964832870139,shuffled_hsa04670_3
816,NCF4,0.19534806702694746,shuffled_hsa04670_3
817,RAC2,0.6584521499724434,shuffled_hsa04670_3
818,RASSF5,0.23753331054627627,shuffled_hsa04670_3
819,PTK2B,0.3487723682655007,shuffled_hsa04670_3
820,CXCR4,1.0,shuffled_hsa04670_3
821,ICAM1,0.20927350391620383,shuffled_hsa04670_3
822,CDC42,0.468661442035979,shuffled_hsa04670_3
823,PECAM1,0.10918165917352685,shuffled_hsa04670_4
824,CTNND1,0.10918105992849268,shuffled_hsa04670_4
825,BCAR1,0.14354606405000336,shuffled_hsa04670_4
826,SIPA1,0.10917847840352894,shuffled_hsa04670_4
827,F11R,0.5489435508137909,shuffled_hsa04670_4
828,ITGAL,0.21835470721208652,shuffled_hsa04670_4
829,ITGB1,0.10918447364387801,shuffled_hsa04670_4
830,ITGA4,0.10917937520890096,shuffled_hsa04670_4
831,CTNNB1,0.2938307524548831,shuffled_hsa04670_4
832,PTK2,0.10918191407505823,shuffled_hsa04670_4
833,RHOA,0.7805759224352423,shuffled_hsa04670_4
834,JAM3,0.21836412441653796,shuffled_hsa04670_4
835,CYBA,0.10919004937226827,shuffled_hsa04670_4
836,NCF2,0.10918121705846588,shuffled_hsa04670_4
837,PXN,0.10918125733161392,shuffled_hsa04670_4
838,NCF1,0.10918097169956793,shuffled_hsa04670_4
839,RAC1,0.29585909415053574,shuffled_hsa04670_4
840,NCF4,0.10917838710155277,shuffled_hsa04670_4
841,RAC2,0.3866848051086668,shuffled_hsa04670_4
842,RASSF5,0.4367019302903927,shuffled_hsa04670_4
843,PTK2B,0.49915582605247827,shuffled_hsa04670_4
844,CXCR4,0.6745498148289134,shuffled_hsa04670_4
845,ICAM1,0.4596087445584835,shuffled_hsa04670_4
846,CDC42,1.0,shuffled_hsa04670_4
847,PECAM1,0.10923442402449003,shuffled_hsa04670_5
848,CTNND1,0.10873601246232939,shuffled_hsa04670_5
849,BCAR1,0.1087699346241533,shuffled_hsa04670_5
850,SIPA1,0.10872999201057977,shuffled_hsa04670_5
851,F11R,0.8592219528976331,shuffled_hsa04670_5
852,ITGAL,0.2173486076149176,shuffled_hsa04670_5
853,ITGB1,0.10872264374695569,shuffled_hsa04670_5
854,ITGA4,0.10875996151227817,shuffled_hsa04670_5
855,CTNNB1,0.21038180560348854,shuffled_hsa04670_5
856,PTK2,0.38790045574862386,shuffled_hsa04670_5
857,RHOA,0.2801953215306364,shuffled_hsa04670_5
858,JAM3,0.2608466845311126,shuffled_hsa04670_5
859,CYBA,0.29618577184165923,shuffled_hsa04670_5
860,NCF2,0.10875200168117798,shuffled_hsa04670_5
861,PXN,0.10876101894229454,shuffled_hsa04670_5
862,NCF1,0.10922098398237409,shuffled_hsa04670_5
863,RAC1,0.4696710261040077,shuffled_hsa04670_5
864,NCF4,0.19536052303138443,shuffled_hsa04670_5
865,RAC2,0.38766544507543765,shuffled_hsa04670_5
866,RASSF5,0.3301646627643928,shuffled_hsa04670_5
867,PTK2B,0.2905592017703704,shuffled_hsa04670_5
868,CXCR4,1.0,shuffled_hsa04670_5
869,ICAM1,0.32595677214177143,shuffled_hsa04670_5
870,CDC42,0.937567473194778,shuffled_hsa04670_5
871,WASF2,0.14986958710687573,shuffled_hsa04810_0
872,WASF1,0.24241990268169852,shuffled_hsa04810_0
873,APC,0.1727652539657958,shuffled_hsa04810_0
874,ABI2,0.2777714428598916,shuffled_hsa04810_0
875,NCKAP1,0.2895584078068773,shuffled_hsa04810_0
876,BAIAP2,0.39772598888426386,shuffled_hsa04810_0
877,GSN,0.1776752377465231,shuffled_hsa04810_0
878,VCL,0.10793548372213134,shuffled_hsa04810_0
879,PXN,0.10794630393634681,shuffled_hsa04810_0
880,SLC9A1,0.9677161177002839,shuffled_hsa04810_0
881,GIT1,0.16274220244664234,shuffled_hsa04810_0
882,ENAH,0.3686946561160596,shuffled_hsa04810_0
883,DIAPH3,0.10796496785030854,shuffled_hsa04810_0
884,CDC42,0.5255786330378942,shuffled_hsa04810_0
885,RHOA,1.0,shuffled_hsa04810_0
886,ARHGEF6,0.10799256765810805,shuffled_hsa04810_0
887,GNG12,0.2739588530147285,shuffled_hsa04810_0
888,CRK,0.21575986291592936,shuffled_hsa04810_0
889,BCAR1,0.3598881932690678,shuffled_hsa04810_0
890,PTK2,0.44439379390239736,shuffled_hsa04810_0
891,SRC,0.1080362950021253,shuffled_hsa04810_0
892,FN1,0.13300034645865572,shuffled_hsa04810_0
893,F2R,0.10797014548774209,shuffled_hsa04810_0
894,CXCR4,0.10798084432486972,shuffled_hsa04810_0
895,WASF2,0.4620062060317165,shuffled_hsa04810_1
896,WASF1,0.36176472944730964,shuffled_hsa04810_1
897,APC,0.15406408866735355,shuffled_hsa04810_1
898,ABI2,0.15639751209893382,shuffled_hsa04810_1
899,NCKAP1,0.6081497993570053,shuffled_hsa04810_1
900,BAIAP2,0.30804430294701346,shuffled_hsa04810_1
901,GSN,0.15407219827665147,shuffled_hsa04810_1
902,VCL,0.15403533738055902,shuffled_hsa04810_1
903,PXN,0.1540976104769438,shuffled_hsa04810_1
904,SLC9A1,0.21557424194054056,shuffled_hsa04810_1
905,GIT1,0.20377371023207785,shuffled_hsa04810_1
906,ENAH,0.15408113415986555,shuffled_hsa04810_1
907,DIAPH3,0.15406731340548452,shuffled_hsa04810_1
908,CDC42,0.27589799407717586,shuffled_hsa04810_1
909,RHOA,0.9998570614562978,shuffled_hsa04810_1
910,ARHGEF6,0.4620666699714773,shuffled_hsa04810_1
911,GNG12,0.30893740404740516,shuffled_hsa04810_1
912,CRK,0.4619819370299781,shuffled_hsa04810_1
913,BCAR1,0.4256716151705636,shuffled_hsa04810_1
914,PTK2,1.0,shuffled_hsa04810_1
915,SRC,0.30898871680963713,shuffled_hsa04810_1
916,FN1,0.1540618753277338,shuffled_hsa04810_1
917,F2R,0.1540981134957139,shuffled_hsa04810_1
918,CXCR4,0.15403899898079643,shuffled_hsa04810_1
919,WASF2,0.12026271825564477,shuffled_hsa04810_2
920,WASF1,0.2702536310695744,shuffled_hsa04810_2
921,APC,0.12030475587560101,shuffled_hsa04810_2
922,ABI2,0.4867284610554265,shuffled_hsa04810_2
923,NCKAP1,0.571928699151625,shuffled_hsa04810_2
924,BAIAP2,0.12023262407725269,shuffled_hsa04810_2
925,GSN,0.14612665571548816,shuffled_hsa04810_2
926,VCL,0.31664418695229757,shuffled_hsa04810_2
927,PXN,0.12043325397993238,shuffled_hsa04810_2
928,SLC9A1,1.0,shuffled_hsa04810_2
929,GIT1,0.6051394894472344,shuffled_hsa04810_2
930,ENAH,0.12038343459335453,shuffled_hsa04810_2
931,DIAPH3,0.3605735712197436,shuffled_hsa04810_2
932,CDC42,0.5734682794126729,shuffled_hsa04810_2
933,RHOA,0.9932804884825319,shuffled_hsa04810_2
934,ARHGEF6,0.12750607987792315,shuffled_hsa04810_2
935,GNG12,0.2589060206622271,shuffled_hsa04810_2
936,CRK,0.27585883261933786,shuffled_hsa04810_2
937,BCAR1,0.3007397505820967,shuffled_hsa04810_2
938,PTK2,0.540599353229609,shuffled_hsa04810_2
939,SRC,0.12033554589860863,shuffled_hsa04810_2
940,FN1,0.18119258021456836,shuffled_hsa04810_2
941,F2R,0.1534463139701449,shuffled_hsa04810_2
942,CXCR4,0.12030058125284951,shuffled_hsa04810_2
943,WASF2,0.07736640983131002,shuffled_hsa04810_3
944,WASF1,0.35106454987756697,shuffled_hsa04810_3
945,APC,0.19248767471012987,shuffled_hsa04810_3
946,ABI2,0.07745514664326253,shuffled_hsa04810_3
947,NCKAP1,0.27382997696731776,shuffled_hsa04810_3
948,BAIAP2,0.1922494529968273,shuffled_hsa04810_3
949,GSN,0.07735773077220352,shuffled_hsa04810_3
950,VCL,0.07738047755981065,shuffled_hsa04810_3
951,PXN,0.07742260780747227,shuffled_hsa04810_3
952,SLC9A1,0.07736666783317592,shuffled_hsa04810_3
953,GIT1,0.09037971513495574,shuffled_hsa04810_3
954,ENAH,0.9908576451996282,shuffled_hsa04810_3
955,DIAPH3,0.16247413018181833,shuffled_hsa04810_3
956,CDC42,1.0,shuffled_hsa04810_3
957,RHOA,0.6077572873412792,shuffled_hsa04810_3
958,ARHGEF6,0.4758713723759714,shuffled_hsa04810_3
959,GNG12,0.505506492059187,shuffled_hsa04810_3
960,CRK,0.4100617764098934,shuffled_hsa04810_3
961,BCAR1,0.10542713929579535,shuffled_hsa04810_3
962,PTK2,0.2715872906097303,shuffled_hsa04810_3
963,SRC,0.07738260311961873,shuffled_hsa04810_3
964,FN1,0.16462614180796808,shuffled_hsa04810_3
965,F2R,0.07738913924322287,shuffled_hsa04810_3
966,CXCR4,0.07739999576021608,shuffled_hsa04810_3
967,WASF2,0.08161518806336787,shuffled_hsa04810_4
968,WASF1,0.36133789582645076,shuffled_hsa04810_4
969,APC,0.1785434108576899,shuffled_hsa04810_4
970,ABI2,0.37480172079122265,shuffled_hsa04810_4
971,NCKAP1,0.151550711857118,shuffled_hsa04810_4
972,BAIAP2,0.2759267981864409,shuffled_hsa04810_4
973,GSN,0.08158193242598215,shuffled_hsa04810_4
974,VCL,0.08162773143282791,shuffled_hsa04810_4
975,PXN,0.08165737323628984,shuffled_hsa04810_4
976,SLC9A1,1.0,shuffled_hsa04810_4
977,GIT1,0.15392038229160246,shuffled_hsa04810_4
978,ENAH,0.08168834539208546,shuffled_hsa04810_4
979,DIAPH3,0.0816150476956741,shuffled_hsa04810_4
980,CDC42,0.26970027694310117,shuffled_hsa04810_4
981,RHOA,0.9948184819604322,shuffled_hsa04810_4
982,ARHGEF6,0.2920258392741654,shuffled_hsa04810_4
983,GNG12,0.09135578610306141,shuffled_hsa04810_4
984,CRK,0.26511636756496015,shuffled_hsa04810_4
985,BCAR1,0.217528982409686,shuffled_hsa04810_4
986,PTK2,0.30290599573556365,shuffled_hsa04810_4
987,SRC,0.08160716868307175,shuffled_hsa04810_4
988,FN1,0.1638953986078769,shuffled_hsa04810_4
989,F2R,0.08165520807669287,shuffled_hsa04810_4
990,CXCR4,0.08164582415812727,shuffled_hsa04810_4
991,WASF2,0.11127357094986365,shuffled_hsa04810_5
992,WASF1,0.3390453493709953,shuffled_hsa04810_5
993,APC,0.3987950037612712,shuffled_hsa04810_5
994,ABI2,0.24727365398243187,shuffled_hsa04810_5
995,NCKAP1,0.39766655947232527,shuffled_hsa04810_5
996,BAIAP2,0.3830036560537252,shuffled_hsa04810_5
997,GSN,0.1112482519713199,shuffled_hsa04810_5
998,VCL,0.11124805102312485,shuffled_hsa04810_5
999,PXN,0.1112578943558028,shuffled_hsa04810_5
1000,SLC9A1,0.3237546853966407,shuffled_hsa04810_5
1001,GIT1,0.32543007036762356,shuffled_hsa04810_5
1002,ENAH,0.11128692241562856,shuffled_hsa04810_5
1003,DIAPH3,0.11125009751643115,shuffled_hsa04810_5
1004,CDC42,0.4140469950269962,shuffled_hsa04810_5
1005,RHOA,0.6853332942142103,shuffled_hsa04810_5
1006,ARHGEF6,0.21432192284556156,shuffled_hsa04810_5
1007,GNG12,0.13240749221381418,shuffled_hsa04810_5
1008,CRK,0.179544938906888,shuffled_hsa04810_5
1009,BCAR1,0.3311997787652015,shuffled_hsa04810_5
1010,PTK2,1.0,shuffled_hsa04810_5
1011,SRC,0.11123178080644065,shuffled_hsa04810_5
1012,FN1,0.11123208138475904,shuffled_hsa04810_5
1013,F2R,0.1112375894073095,shuffled_hsa04810_5
1014,CXCR4,0.3153556830004267,shuffled_hsa04810_5
